benchmark,type_count,tag_count,global_count,memory_count,table_count,data_segment_count,elem_segment_count,function_count,total_inst_count,module_count,core_instance_count,component_count,component_instance_count,component_type_count,component_canon_function_count,static_unreachable_inst_ratio,static_nop_inst_ratio,static_control_branch_inst_ratio,static_control_call_inst_ratio,static_control_exception_inst_ratio,static_control_stack_switch_inst_ratio,static_local_variable_inst_ratio,static_global_variable_inst_ratio,static_atomic_global_variable_inst_ratio,static_table_inst_ratio,static_atomic_table_inst_ratio,static_memory_size_inst_ratio,static_memory_grow_inst_ratio,static_memory_load_inst_ratio,static_memory_store_inst_ratio,static_memory_other_inst_ratio,static_ref_inst_ratio,static_i31_inst_ratio,static_aggregate_new_inst_ratio,static_aggregate_get_inst_ratio,static_aggregate_set_inst_ratio,static_atomic_aggregate_inst_ratio,static_numeric_integer_inst_ratio,static_numeric_float_inst_ratio,static_vector_inst_ratio,static_select_inst_ratio,static_control_cast_inst_ratio,dynamic_total_inst_count,dynamic_unreachable_inst_ratio,dynamic_nop_inst_ratio,dynamic_control_branch_inst_ratio,dynamic_control_call_inst_ratio,dynamic_control_exception_inst_ratio,dynamic_control_stack_switch_inst_ratio,dynamic_local_variable_inst_ratio,dynamic_global_variable_inst_ratio,dynamic_atomic_global_variable_inst_ratio,dynamic_table_inst_ratio,dynamic_atomic_table_inst_ratio,dynamic_memory_size_inst_ratio,dynamic_memory_grow_inst_ratio,dynamic_memory_load_inst_ratio,dynamic_memory_store_inst_ratio,dynamic_memory_other_inst_ratio,dynamic_ref_inst_ratio,dynamic_i31_inst_ratio,dynamic_aggregate_new_inst_ratio,dynamic_aggregate_get_inst_ratio,dynamic_aggregate_set_inst_ratio,dynamic_atomic_aggregate_inst_ratio,dynamic_numeric_integer_inst_ratio,dynamic_numeric_float_inst_ratio,dynamic_vector_inst_ratio,dynamic_select_inst_ratio,dynamic_control_cast_inst_ratio,compilation_native_instructions,execution_native_instructions,wasm_insts_per_native_inst,conditional_branch_misses,conditional_branches,indirect_branch_misses,indirect_branches,l1_dcache_read_misses,l1_dcache_write_misses,ll_dcache_read_misses,ll_dcache_write_misses,l1_icache_misses,ll_icache_misses
benchmarks/blake3-scalar/benchmark.wasm,0.045454545454545456,1.0,0.3333333333333333,0.5,0.5,0.3333333333333333,0.5,0.003703703703703704,0.000033032735440821854,1.0,1.0,1.0,1.0,1.0,1.0,0.00436046511627907,0.0009249471458773784,0.15205470401691332,0.02236390063424947,0.0,0.0,0.35544397463002114,0.010735993657505286,0.0,0.0,0.0,0.0000330338266384778,0.0000330338266384778,0.053944238900634246,0.05480311839323467,0.001024048625792812,0.0,0.0,0.0,0.0,0.0,0.0,0.3403144820295983,0.0,0.0,0.003964059196617336,0.0,110137187.0,0.0,0.0,0.0018006089078705088,0.000590999296177775,0.0,0.0,0.49442607427407786,0.0003711280550501076,0.0,0.0,0.0,0.0,0.0,0.011819985923555501,0.004439753849896312,0.00002749298472640308,0.0,0.0,0.0,0.0,0.0,0.0,0.48642774942127404,0.0,0.0,0.00009620728737152149,0.0,531675274,69939900,1.574740412840167,0.02106674255586843,0.0019091820262825655,0.03179062546207304,0.00009669730725951853,0.0036099458084538575,0.00018482142843379793,2.799378420122168e-6,0.00014351021674050533,0.000016342602720335603,8.178450355233564e-6
benchmarks/blake3-simd/benchmark.wasm,0.041666666666666664,1.0,0.3333333333333333,0.5,0.5,0.3333333333333333,0.5,0.0125,0.000043977307709222044,1.0,1.0,1.0,1.0,1.0,1.0,0.0006596886269680711,0.0042220072125956545,0.12094291494414636,0.011170727416659337,0.0,0.0,0.4086551147858211,0.002726712991468027,0.0,0.0,0.0,0.000043979241797871405,0.000043979241797871405,0.039889172310669366,0.043671387105286306,0.0018031489137127275,0.0,0.0,0.0,0.0,0.0,0.0,0.2634356583692497,0.00281467147506377,0.09468730759081713,0.005233529773946697,0.0,99922994.0,0.0,0.0,0.0014514276864041923,0.00015955286527943708,0.0,0.0,0.5094716837647999,0.00021154290072613317,0.0,0.0,0.0,0.0,0.0,0.005226494714519863,0.00032412959923919016,8.006165227595162e-8,0.0,0.0,0.0,0.0,0.0,0.0,0.1150801386115392,0.0,0.36770487481590075,0.00037007497993905185,0.0,359652987,48516306,2.0595754755112643,0.043605817164991574,0.0017985499555551489,0.23264311814859928,0.000016922145721481765,0.016998588131394807,0.0006263119654230441,0.01579856685727464,0.000291523006297434,0.000022961352416237132,0.000017190096871761013
benchmarks/blind-sig/benchmark.wasm,0.03571428571428571,1.0,0.3333333333333333,0.5,0.5,0.3333333333333333,0.5,0.0019120458891013384,8.060875733539691e-6,1.0,1.0,1.0,1.0,1.0,1.0,0.0037322155495546332,0.0001612188142356213,0.12126073112732255,0.019588085929627987,0.0,0.0,0.39668695336745796,0.006400386925154165,0.0,0.0,0.0,8.060940711781064e-6,8.060940711781064e-6,0.09375680141872557,0.07973076458022652,0.0010156785296844143,0.0,0.0,0.0,0.0,0.0,0.0,0.2671879408326952,0.0,0.0,0.010463101043891821,0.0,244910668.0,0.0,5.71637001945542e-8,0.026607848703430102,0.008839798681207305,0.0,0.0,0.459039330209985,0.00022752377613865314,0.0,0.0,0.0,0.0,0.0,0.03904609414564171,0.027976208859958687,6.716734772860119e-6,0.0,0.0,0.0,0.0,0.0,0.0,0.4368687810691856,0.0,0.0,0.0013876406559799183,0.0,1879645251,220536638,1.110521454489571,0.03426586953762082,0.024003558084530155,0.20119225037257824,0.000027383205143446506,7.2478151220907815e-6,0.00004208080888469098,1.2109371702756096e-6,0.00004001368143070616,0.0000175072950917117,2.534726225399337e-6
benchmarks/bz2/benchmark.wasm,0.047619047619047616,1.0,0.5,0.5,0.5,0.3333333333333333,0.5,0.010638297872340425,0.000022326412145568206,1.0,1.0,1.0,1.0,1.0,1.0,0.001049364799392708,0.0032150751300542542,0.13230927236598272,0.00801536091451026,0.0,0.0,0.4033579673580567,0.0019870950456585324,0.0,0.0,0.0,0.000022326910625376767,0.000022326910625376767,0.06512759829422403,0.0498783183370917,0.00004465382125075353,0.0,0.0,0.0,0.0,0.0,0.0,0.3279823170867847,0.0016075375650271271,0.0,0.0053807854607158005,0.0,109365259.0,0.0,0.000015891701038261154,0.10672829842610257,0.0007514452098540726,0.0,0.0,0.404118276718935,1.1521026069165164e-6,0.0,0.0,0.0,0.0,3.657468593385766e-8,0.08566051125979594,0.02567456087677715,6.674880182929023e-7,0.0,0.0,0.0,0.0,0.0,0.0,0.36806552069702503,0.0,0.0,0.008983638945160822,0.0,775678164,57904654,1.888712762190065,0.054254308821366594,0.0952311536133175,0.6331591728604018,0.0014080733476103664,0.007198455328060728,0.020103443266017724,0.000023299068132947186,0.002093273281999128,0.000044970478538737145,0.000010879954485178341
benchmarks/cm-online-stats/cm-online-stats.wasm,0.041666666666666664,1.0,0.16666666666666666,0.3333333333333333,1.0,0.16666666666666666,1.0,0.05263157894736842,0.0018587360594795538,0.2,0.14285714285714285,0.25,0.2,0.03125,0.038461538461538464,0.00558659217877095,0.0,0.1452513966480447,0.07262569832402235,0.0,0.0,0.3221601489757914,0.040968342644320296,0.0,0.0,0.0,0.00186219739292365,0.00186219739292365,0.03910614525139665,0.0297951582867784,0.0,0.0,0.0,0.0,0.0,0.0,0.0,0.29608938547486036,0.0446927374301676,0.0,0.0,0.0,109760185.0,0.0,0.0,0.07142883368864585,0.030612202412013064,0.0,0.0,0.4591836466019076,0.0408162395134447,0.0,0.0,0.0,0.0,0.0,0.05102036772259449,0.03061253951057025,0.0,0.0,0.0,0.0,0.0,0.0,0.0,0.19387733357045636,0.1224488369803677,0.0,0.0,0.0,52501034,4959450062,0.02213152338018239,0.026972585963638558,0.1088541663392194,0.10869751993837722,0.02077672074763196,2.3485414398357358e-7,1.0138048403447754e-6,2.594705840045147e-8,9.341213159616159e-7,2.3389690096651687e-7,9.839800661350021e-8
benchmarks/hex-simd/benchmark.wasm,0.05263157894736842,1.0,0.3333333333333333,0.5,0.5,0.3333333333333333,0.5,0.0038022813688212928,0.00003653902367728734,1.0,1.0,1.0,1.0,1.0,1.0,0.004823327365074725,0.0010962107647897103,0.174078269448606,0.023751233237110387,0.0,0.0,0.34567179449702196,0.011144809442028721,0.0,0.0,0.0,0.000036540358826323675,0.000036540358826323675,0.055979829721927866,0.05502978039244345,0.0012789125589213286,0.0,0.0,0.0,0.0,0.0,0.0,0.3222128841305222,0.0,0.0005481053823948552,0.004311762341506193,0.0,108281362.0,0.0,0.0,0.01818197484438735,2.7705599048523237e-8,0.0,0.0,0.4363635728926276,0.0,0.0,0.0,0.0,0.0,0.0,0.018181808610793056,0.036363681867983895,0.0,0.0,0.0,0.0,0.0,0.0,0.0,0.21818193420950874,0.0,0.2727269906339006,9.235199682841078e-9,0.0,487718522,65034130,1.6649928583652922,0.0004804682822728423,0.030435080779892036,0.3236914600550964,0.000011163369141710668,0.124606416679784,0.24950055274694724,0.12458212219417672,0.24949017133382928,0.000013377591120231793,8.287955877936708e-6
benchmarks/intgemm-simd/benchmark.wasm,0.017857142857142856,1.0,0.010869565217391304,0.5,0.5,0.3333333333333333,0.5,0.0014285714285714286,0.000010037036665294938,1.0,1.0,1.0,1.0,1.0,1.0,0.0014754591990364348,0.0043561176352504265,0.17895212285456188,0.024380206765030613,0.0,0.0,0.34605038642979025,0.01538693164709425,0.0,0.0,0.0,0.00001003713740841112,0.00001003713740841112,0.07147445548529559,0.039757101274716454,0.0008732309545317676,0.0,0.0,0.0,0.0,0.0,0.0,0.3002710027100271,0.00250928435210278,0.0057312054602027505,0.00876242095754291,0.0,82950579.0,0.0,6.389346601185267e-7,0.007795991393863568,6.02768547281629e-6,0.0,0.0,0.48885394760174006,5.4249169255346606e-6,0.0,0.0,0.0,0.0,2.411074189126516e-8,0.06313174739865288,0.0029908531440148234,2.411074189126516e-8,0.0,0.0,0.0,0.0,0.0,0.0,0.14158432818172373,3.2549501553207965e-7,0.29562856939190263,2.097634544540069e-6,0.0,1962246535,56677167,1.463562548918509,0.02943467662900078,0.010531842567219353,0.1841046277665996,0.00003507585338554413,0.019740543440946626,0.023867197642999827,5.775421132158115e-6,0.009223357131288098,0.000027665461825217906,0.000011574325865652389
benchmarks/kotlin-richards/kotlin-richards.wasm,0.022727272727272728,0.5,0.0056179775280898875,0.5,0.5,0.25,0.5,0.008,0.00011957431543704412,0.2,0.05555555555555555,0.5,0.5,0.058823529411764705,0.037037037037037035,0.006099019373355657,0.0017938292274575461,0.14494140157856972,0.06816551064338675,0.005381487682372638,0.0,0.26536713704855297,0.0900502272183688,0.0,0.0,0.0,0.00023917723032767282,0.00023917723032767282,0.02654867256637168,0.028701267639320738,0.0009567089213106913,0.024635254723750298,0.0,0.02391772303276728,0.029538387945467592,0.011719684286055968,0.0,0.268237263812485,0.0,0.0,0.003468069839751256,0.0,110730850.0,0.0,0.0012538511173715364,0.2011667660819004,0.016434453451770668,0.0,0.0,0.3414625553763924,0.00006503156076197374,0.0,0.0,0.0,0.0,0.0,9.03090692431242e-9,0.0,0.0,0.08903101529519551,0.0,0.00004226464440578213,0.16086681353931628,0.05585111104990163,0.0,0.13248233893264613,0.0,0.0,0.001343789919430764,0.0,604555493,320159163,0.3458618799550023,0.047539637977219516,0.14488342162488724,0.08990097007402226,0.01482557911359857,0.000020278460199161894,0.00012616834263679515,6.221579351612469e-7,0.000041814499193451315,5.253636923082536e-6,2.498757157233073e-6
benchmarks/libsodium/libsodium-aead_aegis128l.wasm,0.030303030303030304,1.0,0.5,0.5,0.5,0.3333333333333333,0.5,0.008928571428571428,0.00004071495460282562,1.0,1.0,1.0,1.0,1.0,1.0,0.0014250814332247557,0.0018322475570032573,0.12569218241042346,0.016245928338762216,0.0,0.0,0.3740228013029316,0.005333876221498371,0.0,0.0,0.0,0.00008143322475570033,0.000040716612377850165,0.04491042345276873,0.03363192182410423,0.0017915309446254071,0.0,0.0,0.0,0.0,0.0,0.0,0.3314739413680782,0.0,0.057980456026058634,0.005537459283387622,0.0,137779549.0,0.0,5.610411745505133e-6,0.010481120097148815,0.0004043851239489832,0.0,0.0,0.3726153654342416,0.0011817864202763504,0.0,0.0,0.0,0.0,7.2579712102265624e-9,0.10670879754440189,0.09850598364202803,0.000012360324971015836,0.0,0.0,0.0,0.0,0.0,0.0,0.40494459740175226,0.0,0.005136654932728804,3.331408785493992e-6,0.0,415552474,114576341,1.202513082521984,0.05325078011355111,0.009713864051567156,0.04261854482626224,0.00004546313797889566,0.00003174395182053394,0.000053274445237786796,0.00001993147499004175,0.000048604771904031685,0.000012349844546004484,4.215529975773969e-6
benchmarks/libsodium/libsodium-aead_aegis256.wasm,0.030303030303030304,1.0,0.5,0.5,0.5,0.3333333333333333,0.5,0.009009009009009009,0.0000402592696968477,1.0,1.0,1.0,1.0,1.0,1.0,0.00140913116998148,0.0018117400756904743,0.12424510830179564,0.01670826958692326,0.0,0.0,0.373902890731943,0.0051533939930751265,0.0,0.0,0.0,0.00008052178114179885,0.000040260890570899426,0.046058458813108945,0.0350672356872534,0.001771479185119575,0.0,0.0,0.0,0.0,0.0,0.0,0.331467912070215,0.0,0.056808116595539096,0.005475481117642322,0.0,153051297.0,0.0,5.0505942461892365e-6,0.010625071671231901,0.00040513214337543316,0.0,0.0,0.3724839391593003,0.0011871640656530994,0.0,0.0,0.0,0.0,6.533757110205999e-9,0.10654325915317137,0.09834952264403221,0.00001085910431716237,0.0,0.0,0.0,0.0,0.0,0.0,0.40529276272647335,0.0,0.005094239743685413,2.9924607564743474e-6,0.0,419773390,124230526,1.2319942765113947,0.05244087133688415,0.00979023464812505,0.04311908120088656,0.00003994992341898319,0.00003391542316771158,0.0000480558620637191,0.00002168866735181556,0.00004541186193086969,0.000010778349276247933,3.912081962850258e-6
benchmarks/libsodium/libsodium-aead_chacha20poly1305.wasm,0.03125,1.0,0.5,0.5,0.5,0.3333333333333333,0.5,0.008264462809917356,0.00004794783275795934,1.0,1.0,1.0,1.0,1.0,1.0,0.002061855670103093,0.004459362263246224,0.12668424838168305,0.020187005514265163,0.0,0.0,0.3663869575641333,0.005801965955406377,0.0,0.0,0.0,0.00009590026372572525,0.00004795013186286262,0.03658595061136418,0.028050827139774633,0.001774154878925917,0.0,0.0,0.0,0.0,0.0,0.0,0.3430352433469192,0.0,0.058403260608966674,0.006425317669623592,0.0,100059434.0,0.0,0.0006105871036608102,0.029768787219004257,0.007130532039587591,0.0,0.0,0.36169342113208436,0.0015417936503618439,0.0,0.0,0.0,0.0,0.0,0.05733369429213441,0.04841587450914424,0.00013278108289119445,0.0,0.0,0.0,0.0,0.0,0.0,0.45780757664489685,0.0,0.03536471133746369,0.000200240988770734,0.0,366448771,65630689,1.5245830193859462,0.040741120479816595,0.028087028006059788,0.0028365672645465773,0.0012462005388972832,0.000025842399759373127,0.00010930516950039691,3.3521980819941558e-6,0.00010092188216408328,0.000018451733761320103,6.58228652757249e-6
benchmarks/libsodium/libsodium-aead_chacha20poly13052.wasm,0.03333333333333333,1.0,0.5,0.5,0.5,0.3333333333333333,0.5,0.009615384615384616,0.000047341760166643,1.0,1.0,1.0,1.0,1.0,1.0,0.0012309440393902093,0.0022251680712053784,0.13279992424959758,0.015150080484802576,0.0,0.0,0.3699460278382729,0.005302528169680901,0.0,0.0,0.0,0.0000946880030300161,0.00004734400151500805,0.03849067323170154,0.0264652968468895,0.0015150080484802575,0.0,0.0,0.0,0.0,0.0,0.0,0.34272322696714325,0.0,0.0576649938452798,0.006344096203011079,0.0,101817042.0,0.0,0.0003597629559892341,0.10131811725585192,0.002001757230385852,0.0,0.0,0.3521803157471418,0.0005409703416840571,0.0,0.0,0.0,0.0,9.821538520044612e-9,0.03098795582766979,0.01986553488756823,0.000027402092470924465,0.0,0.0,0.0,0.0,0.0,0.0,0.47112958752032885,0.0,0.021530825851334395,0.00005776046803638236,0.0,364675283,63518822,1.6029428568432833,0.022016667489617107,0.0688694132268385,0.007278125792084585,0.00043478451158933645,0.00009238623365930276,0.00015193836382069529,0.000059485421876551065,0.00014036640139320416,0.00001608971904422283,6.974310701165082e-6
benchmarks/libsodium/libsodium-aead_xchacha20poly1305.wasm,0.03125,1.0,0.5,0.5,0.5,0.3333333333333333,0.5,0.008849557522123894,0.000049632717887631524,1.0,1.0,1.0,1.0,1.0,1.0,0.0014394202610810542,0.0033751923363279893,0.12498138680696878,0.01781903012855512,0.0,0.0,0.371370427358912,0.005708045862907629,0.0,0.0,0.0,0.00009927036283317616,0.00004963518141658808,0.03732565642527423,0.027944607137539088,0.0017372313495805827,0.0,0.0,0.0,0.0,0.0,0.0,0.33826376135404773,0.0,0.0632848563061498,0.006601479128406214,0.0,98710690.0,0.0,0.0005836449932626345,0.027634139726913063,0.00682153067717387,0.0,0.0,0.37122564942054403,0.0013746231537840531,0.0,0.0,0.0,0.0,0.0,0.05195335986406335,0.0439385541728054,0.00010309926918756216,0.0,0.0,0.0,0.0,0.0,0.0,0.43735458641814784,0.0,0.05884526792386924,0.00016554438024898822,0.0,353824241,63192175,1.5620714115315701,0.046240817356905,0.026265736224461336,0.003316944301753871,0.0010782189408736129,0.00002479268272981943,0.00011858559084172622,2.7693954113096173e-6,0.0001115820374286513,0.00001853077536894402,6.535619323120307e-6
benchmarks/libsodium/libsodium-auth.wasm,0.03571428571428571,1.0,0.5,0.5,0.5,0.3333333333333333,0.5,0.00847457627118644,0.000041271151465125874,1.0,1.0,1.0,1.0,1.0,1.0,0.001527095629204672,0.003838375500433365,0.10693796689917041,0.015807503405010526,0.0,0.0,0.36769986379957903,0.005365471129638037,0.0,0.0,0.0,0.00008254570968673903,0.00004127285484336951,0.037021750794502456,0.030294275455033225,0.0014858227743613027,0.0,0.0,0.0,0.0,0.0,0.0,0.3648520368153865,0.0,0.05968054810351232,0.005365471129638037,0.0,100092701.0,0.0,0.0001842791713653526,0.017463770909728973,0.0004315899118358291,0.0,0.0,0.3343966010069006,0.0005564042077353872,0.0,0.0,0.0,0.0,0.0,0.0682213381373333,0.06337302257434335,0.000054689302469717544,0.0,0.0,0.0,0.0,0.0,0.0,0.4819768526378362,0.0,0.03334145214045128,0.0,0.0,394954495,53872393,1.8579590663440548,0.01805023713332162,0.029060802997928827,0.014643810836420018,0.00021549070597253774,0.00003487860308426504,0.00014232252940744452,5.167200456928154e-6,0.0001305660522455079,0.000019045005110502517,6.979456063887862e-6
benchmarks/libsodium/libsodium-auth2.wasm,0.03571428571428571,1.0,0.5,0.5,0.5,0.3333333333333333,0.5,0.011235955056179775,0.00004915937469275391,1.0,1.0,1.0,1.0,1.0,1.0,0.0007865886632908903,0.002064795241138587,0.11587434246103928,0.013519492650312177,0.0,0.0,0.37392458581190696,0.005063664519935106,0.0,0.0,0.0,0.00009832358291136128,0.00004916179145568064,0.03716631434049457,0.028612162627206134,0.0015240155351261,0.0,0.0,0.0,0.0,0.0,0.0,0.35445651639545744,0.0,0.06046900349048719,0.006391032889238484,0.0,99968743.0,0.0,0.00023997500898855956,0.016126370619664588,0.0005519625269270416,0.0,0.0,0.3447241404245725,0.0007919175296622465,0.0,0.0,0.0,0.0,0.0,0.060065744749836454,0.05682609213161758,0.00004799500179771191,0.0,0.0,0.0,0.0,0.0,0.0,0.5205298120033379,0.0,0.00009599000359542383,0.0,0.0,341378560,56896863,1.7570167796421394,0.03106287034232277,0.023556905061707885,0.015058179329226557,0.00017974628935166426,0.000023123326362973412,0.0001387231319169294,3.5375238092608576e-6,0.00013196666849714115,0.000012935686805791032,6.3448137729491345e-6
benchmarks/libsodium/libsodium-auth3.wasm,0.03571428571428571,1.0,0.5,0.5,0.5,0.3333333333333333,0.5,0.010526315789473684,0.00004835823782581363,1.0,1.0,1.0,1.0,1.0,1.0,0.0009188509527033562,0.002272947093529355,0.11509817197020988,0.013927846019924557,0.0,0.0,0.37484282812651126,0.00560982686913628,0.0,0.0,0.0,0.00009672115291614276,0.00004836057645807138,0.03786633136666989,0.028919624721926687,0.0014991778702002129,0.0,0.0,0.0,0.0,0.0,0.0,0.35308056872037913,0.0,0.0594835090434278,0.00633523551600735,0.0,99976854.0,0.0,0.00022406186135843,0.0159320076224843,0.000566071022798937,0.0,0.0,0.3461874085375801,0.0008019056090722759,0.0,0.0,0.0,0.0,0.0,0.06269015026217968,0.056534355441910586,0.00004717091818072211,0.0,0.0,0.0,0.0,0.0,0.0,0.5169107341585283,0.0,0.00009434183636144422,0.000011792729545180528,0.0,346894749,56770711,1.7610639754009774,0.03171095988592499,0.023446139330543174,0.016164220547401825,0.00017762680477966886,0.000030337897898102056,0.00014301341127081747,3.484184352443093e-6,0.00013288088213219679,0.000014778747442497242,6.2532244840125395e-6
benchmarks/libsodium/libsodium-auth5.wasm,0.03571428571428571,1.0,0.5,0.5,0.5,0.3333333333333333,0.5,0.01,0.00004849425343096843,1.0,1.0,1.0,1.0,1.0,1.0,0.0010184287099903008,0.0023763336566440347,0.11614936954413191,0.014597478176527644,0.0,0.0,0.37487875848690594,0.00577109602327837,0.0,0.0,0.0,0.00009699321047526673,0.000048496605237633365,0.03719689621726479,0.027740058195926284,0.0016488845780795345,0.0,0.0,0.0,0.0,0.0,0.0,0.3427740058195926,0.0,0.06935014548981572,0.006353055286129971,0.0,432365536.0,0.0,0.00011333697050266283,0.015358666329963912,0.00034834182528368775,0.0,0.0,0.34292026457908986,0.00040126232447907224,0.0,0.0,0.0,0.0,0.0,0.06076837955928106,0.055499624743448564,0.00004266991345027093,0.0,0.0,0.0,0.0,0.0,0.0,0.46081212633932045,0.0,0.06370995767803288,0.00002536973714759726,0.0,348178019,230328687,1.8771675453522643,0.02163628610148086,0.02541187585548126,0.004392386530014641,0.00018978096288978542,9.430176450474735e-6,0.00003685416209541448,1.1416678511470622e-6,0.00003467773520001599,4.602118884131875e-6,1.7887480945871064e-6
benchmarks/libsodium/libsodium-auth6.wasm,0.03571428571428571,1.0,0.5,0.5,0.5,0.3333333333333333,0.5,0.011235955056179775,0.00004975867044832562,1.0,1.0,1.0,1.0,1.0,1.0,0.0007961783439490446,0.002089968152866242,0.11733678343949044,0.013684315286624204,0.0,0.0,0.3752488057324841,0.005125398089171974,0.0,0.0,0.0,0.00009952229299363058,0.00004976114649681529,0.03642515923566879,0.027269108280254778,0.0016918789808917198,0.0,0.0,0.0,0.0,0.0,0.0,0.34255573248407645,0.0,0.07115843949044585,0.0064689490445859876,0.0,99982094.0,0.0,0.00014852659517213153,0.01798662068429973,0.00034163117247774385,0.0,0.0,0.3290607116110211,0.0004901377640680341,0.0,0.0,0.0,0.0,0.0,0.06907971941455837,0.06609434485338944,0.00005941063806885261,0.0,0.0,0.0,0.0,0.0,0.0,0.47292355169116584,0.0,0.0438153455757788,0.0,0.0,338985179,52854673,1.8916415205141843,0.015062982951098352,0.03102936612624583,0.01348440118088247,0.00023712189081181146,0.00002406836258806048,0.0001354782014353366,4.602714757876108e-6,0.00012598523436779552,0.000015816955295513795,6.848968680593294e-6
benchmarks/libsodium/libsodium-auth7.wasm,0.03571428571428571,1.0,0.5,0.5,0.5,0.3333333333333333,0.5,0.010416666666666666,0.000048586143231950245,1.0,1.0,1.0,1.0,1.0,1.0,0.0010203585831592245,0.0023808366940381905,0.11617511296827171,0.014576551187988921,0.0,0.0,0.3747631310431952,0.005636266459355717,0.0,0.0,0.0,0.00009717700791992614,0.00004858850395996307,0.03707302852145183,0.027598270249259024,0.0016520091346387445,0.0,0.0,0.0,0.0,0.0,0.0,0.34313201496525925,0.0,0.06948156066274719,0.006365094018755162,0.0,228163229.0,0.0,0.00010783069694372181,0.01683020097861606,0.00034727331107327553,0.0,0.0,0.3400210206527188,0.00042378432503687965,0.0,0.0,0.0,0.0,0.0,0.06648938598252394,0.05931394405362312,0.00004846092005473853,0.0,0.0,0.0,0.0,0.0,0.0,0.4597708686880479,0.0,0.05661838700573439,0.000028843385627225673,0.0,346942827,120775122,1.889157512090942,0.021189713998115558,0.028296059183446735,0.007355437365621817,0.00021950712664152805,0.000016334114394573722,0.0000682445458730368,2.031185209687924e-6,0.00006204049624821527,9.041597159388504e-6,3.3285000531814824e-6
benchmarks/libsodium/libsodium-box.wasm,0.034482758620689655,1.0,0.5,0.5,0.5,0.3333333333333333,0.5,0.006896551724137931,0.000026597866851078545,1.0,1.0,1.0,1.0,1.0,1.0,0.0010905415469730823,0.0009841472497074157,0.06846473029045644,0.022528992446004894,0.0,0.0,0.36115544206830513,0.0043355676135759125,0.0,0.0,0.0,0.00005319714863283328,0.00002659857431641664,0.04997872114054687,0.02306096393233323,0.0008777529524417491,0.0,0.0,0.0,0.0,0.0,0.0,0.4228109373337589,0.0,0.04114799446749654,0.00348441323545058,0.0,99153256.0,0.0,1.311101674764972e-6,0.011115469571669942,0.010939953399008905,0.0,0.0,0.3797712401900347,0.0007883755224336758,0.0,0.0,0.0,0.0,0.0,0.025343494519231926,0.02556740042908929,3.0256192494576276e-7,0.0,0.0,0.0,0.0,0.0,0.0,0.5461321713933428,0.0,0.0003402813115890012,0.0,0.0,636829616,73033953,1.3576323330054447,0.031177985631015318,0.0007070547037211583,0.24546553808948005,0.000011323500454644705,0.000013141657675707461,0.00012091832414404404,2.69828712733157e-6,0.00011685286655995034,0.00018307923165544662,6.339517183192864e-6
benchmarks/libsodium/libsodium-box2.wasm,0.034482758620689655,1.0,0.5,0.5,0.5,0.3333333333333333,0.5,0.0078125,0.00002674583433630212,1.0,1.0,1.0,1.0,1.0,1.0,0.000561677543596876,0.001043115438108484,0.06662565529046753,0.021504225954851824,0.0,0.0,0.36340537070717877,0.004520166898470098,0.0,0.0,0.0,0.00005349309939017867,0.000026746549695089334,0.05020327377768268,0.02321600513533754,0.000882636139937948,0.0,0.0,0.0,0.0,0.0,0.0,0.4230769230769231,0.0,0.041376912378303196,0.0035037980100567027,0.0,99274064.0,0.0,1.813162398589827e-6,0.011117052687598243,0.010925834566418073,0.0,0.0,0.3798076000998609,0.0007900351495633341,0.0,0.0,0.0,0.0,0.0,0.025353651281970285,0.025570334261726203,3.021937330983045e-7,0.0,0.0,0.0,0.0,0.0,0.0,0.5459448300615557,0.0,0.0004885465351755923,0.0,0.0,631784674,73097827,1.3580987024415925,0.03098521507947134,0.0007152469799136437,0.2159090909090909,0.000012038661559665789,0.000017579724424834616,0.00012730444841431112,2.6469471435120306e-6,0.00011674409763427254,0.00017975910556137327,6.210854941009395e-6
benchmarks/libsodium/libsodium-box7.wasm,0.034482758620689655,1.0,0.5,0.5,0.5,0.3333333333333333,0.5,0.007575757575757576,0.000026333807341865487,1.0,1.0,1.0,1.0,1.0,1.0,0.0005530245174202723,0.0011323835356700815,0.06818002264767072,0.021515287177731546,0.0,0.0,0.36281041792852814,0.004450530640191715,0.0,0.0,0.0,0.000052669001659073554,0.000026334500829536777,0.050219893081926634,0.02359571274326495,0.0008690385273747136,0.0,0.0,0.0,0.0,0.0,0.0,0.4223263898032813,0.0,0.04079214178495247,0.0034761541094988544,0.0,9698682355.0,0.0,3.008759224386414e-6,0.011138944347868582,0.010881880459317301,0.0,0.0,0.3800854200673531,0.0007828979981064655,0.0,0.0,0.0,0.0,0.0,0.025286984048257348,0.025498072619370777,3.8830016925531117e-7,0.0,0.0,0.0,0.0,0.0,0.0,0.5453457422773798,0.0,0.0009758632826159817,7.9784033714753e-7,0.0,641262578,7126407151,1.3609497955276173,0.020907096712722843,0.0006421196408007478,0.011836288444169797,2.9519784028966154e-6,5.001847782607851e-7,1.4012380488648096e-6,2.790774557680688e-7,1.2689783350688965e-6,0.00018719166218461266,7.67567707555473e-8
benchmarks/libsodium/libsodium-box8.wasm,0.034482758620689655,1.0,0.5,0.5,0.5,0.3333333333333333,0.5,0.007575757575757576,0.00002629295611705624,1.0,1.0,1.0,1.0,1.0,1.0,0.0005521665965502735,0.001104333193100547,0.06841607067732436,0.021481909970551116,0.0,0.0,0.36266827934371054,0.0044436264198569626,0.0,0.0,0.0,0.000052587294909549855,0.000026293647454774927,0.05022086663862011,0.023559108119478336,0.0008676903660075726,0.0,0.0,0.0,0.0,0.0,0.0,0.422433740008414,0.0,0.040702566259991586,0.0034707614640302905,0.0,28936601457.0,0.0,1.023375189515781e-6,0.01111904984689094,0.010934638107733192,0.0,0.0,0.3797764183997345,0.0007850036582131167,0.0,0.0,0.0,0.0,0.0,0.02535607524920683,0.025565668521900325,2.473683722201047e-7,0.0,0.0,0.0,0.0,0.0,0.0,0.5459611572380513,0.0,0.0005004508225169215,2.6741219114824955e-7,0.0,642201603,21287898590,1.3592981634454506,0.013133193637411169,0.0005727737732519892,0.005929316308220425,1.8063314158243554e-6,1.7878338967456166e-7,4.4999581102968626e-7,9.307706672414859e-8,4.184801469593447e-7,0.00014050569563522146,2.5601399672958515e-8
benchmarks/libsodium/libsodium-box_easy.wasm,0.03333333333333333,1.0,0.5,0.5,0.5,0.3333333333333333,0.5,0.007692307692307693,0.000026526606186004563,1.0,1.0,1.0,1.0,1.0,1.0,0.0006101281269066504,0.0011672016340822876,0.06759158553731066,0.021778921399580868,0.0,0.0,0.36321192667851554,0.004483115367270605,0.0,0.0,0.0,0.00005305461973101308,0.00002652730986550654,0.050030506406345335,0.02305223227312518,0.0010080377748892485,0.0,0.0,0.0,0.0,0.0,0.0,0.42242088229832614,0.0,0.04103774836193862,0.0035281322121123696,0.0,99031983.0,0.0,1.1915342541409072e-6,0.011118599937557547,0.0109380219115677,0.0,0.0,0.37970478688687875,0.0007879878564079647,0.0,0.0,0.0,0.0,0.0,0.02540092527481753,0.025625256842529347,1.7166171457962222e-7,0.0,0.0,0.0,0.0,0.0,0.0,0.5460679303977989,0.0,0.00035497623025482585,1.514662187467255e-7,0.0,640887357,72942255,1.35767646613064,0.0347594585473771,0.000731235961926321,0.25443786982248523,0.000013901407352980792,0.000015808027316271202,0.00012720310487198357,2.7013717565779904e-6,0.00011778495908164475,0.00017426113300171486,6.7450615558841715e-6
benchmarks/libsodium/libsodium-box_easy2.wasm,0.03225806451612903,1.0,0.5,0.5,0.5,0.3333333333333333,0.5,0.007142857142857143,0.000025313892264074525,1.0,1.0,1.0,1.0,1.0,1.0,0.0007594359922031238,0.0014176138521124978,0.07245019365617801,0.022150216439257776,0.0,0.0,0.36323823507075415,0.004430043287851556,0.0,0.0,0.0,0.00005062906614687492,0.00002531453307343746,0.049262081360909295,0.02361845935751715,0.0010885249221578108,0.0,0.0,0.0,0.0,0.0,0.0,0.41895552236538997,0.0,0.03916158266460775,0.0033921474318406196,0.0,349565073.0,0.0,8.267416350259913e-7,0.011115272377340743,0.01094365912237462,0.0,0.0,0.37969275036811245,0.0007919069191446366,0.0,0.0,0.0,0.0,2.860697699051873e-9,0.025446097699812247,0.025616675382211313,6.207714006942564e-7,0.0,0.0,0.0,0.0,0.0,0.0,0.5460116091174818,0.0,0.0003803669481590342,2.116916297298386e-7,0.0,667864328,2361534026,0.14802457603886332,0.01200085937328002,0.0005577895492918889,0.06636259977194983,1.8568438784798606e-6,1.434900347483747e-6,4.109186159718875e-6,8.464213029290564e-7,3.828769256430973e-6,0.000122585572264797,2.612708490358208e-7
benchmarks/libsodium/libsodium-box_seal.wasm,0.03333333333333333,1.0,0.5,0.5,0.5,0.3333333333333333,0.5,0.006329113924050633,0.00002248656427784399,1.0,1.0,1.0,1.0,1.0,1.0,0.0006746120980436249,0.0017764785248482124,0.06698898133573196,0.020890487969417584,0.0,0.0,0.3729480548684506,0.004474926917022712,0.0,0.0,0.0,0.000044974139869574995,0.000022487069934787497,0.045491342478075104,0.02183494490667866,0.0012592759163480999,0.0,0.0,0.0,0.0,0.0,0.0,0.4242860355295705,0.0,0.03622666966494266,0.0030807285810658873,0.0,105120283.0,0.0,2.749231563617461e-6,0.011188145298277023,0.010885292232327799,0.0,0.0,0.3795001293898724,0.000853584079487305,0.0,0.0,0.0,0.0,0.0,0.026968962783328883,0.025891349626598704,0.000011415494381802606,0.0,0.0,0.0,0.0,0.0,0.0,0.5425687162581174,0.0,0.0021282667208953384,1.3888851497859837e-6,0.0,741685827,77100448,1.36341987273537,0.039383450654014183,0.0010005000230348855,0.0698005698005698,0.000045525027299452265,0.000051411278131111864,0.00013227578622519075,0.000025536998509362034,0.0001174441988992765,0.00031628869393858776,6.082973733174676e-6
benchmarks/libsodium/libsodium-box_seed.wasm,0.037037037037037035,1.0,0.5,0.5,0.5,0.3333333333333333,0.5,0.009523809523809525,0.000026975263683202502,1.0,1.0,1.0,1.0,1.0,1.0,0.0004316158618829242,0.0008902077151335311,0.0646344753169679,0.02039384947396817,0.0,0.0,0.3607499325600216,0.003749662800107904,0.0,0.0,0.0,0.00005395198273536552,0.00002697599136768276,0.04942001618559482,0.022713784731588887,0.0009171837065012139,0.0,0.0,0.0,0.0,0.0,0.0,0.42794712705691934,0.0,0.04456433773941192,0.003506878877798759,0.0,99666518.0,0.0,2.528431865152548e-6,0.011231976620272819,0.010800216778918674,0.0,0.0,0.37721552588001517,0.0010676303550606633,0.0,0.0,0.0,0.0,0.0,0.03238794797667156,0.027253977107939097,0.00004171912577501704,0.0,0.0,0.0,0.0,0.0,0.0,0.5349668983118282,0.0,0.00503157941165357,0.0,0.0,617659668,71794031,1.3882284726428022,0.016305494969394218,0.00158375283315684,0.019354125193541252,0.00012594361779184678,0.000046934208390723136,0.0001238118186623343,0.000029470316896500574,0.00011527710406143685,0.00010556587914669396,6.504719034372091e-6
benchmarks/libsodium/libsodium-chacha20.wasm,0.038461538461538464,1.0,0.5,0.5,0.5,0.3333333333333333,0.5,0.01,0.0000500225101295583,1.0,1.0,1.0,1.0,1.0,1.0,0.0021510755377688842,0.0030015007503751876,0.132216108054027,0.017008504252126064,0.0,0.0,0.3692346173086543,0.004952476238119059,0.0,0.0,0.0,0.00010005002501250626,0.00005002501250625313,0.034667333666833416,0.025862931465732868,0.0017508754377188595,0.0,0.0,0.0,0.0,0.0,0.0,0.33486743371685845,0.0,0.06748374187093546,0.006653326663331666,0.0,99409405.0,0.0,0.00026993421799476617,0.0335684737274104,0.0010494479873408356,0.0,0.0,0.42991821548474213,0.0012952295610259412,0.0,0.0,0.0,0.0,0.0,0.02742194262202857,0.029509803423529192,0.000013871926906714712,0.0,0.0,0.0,0.0,0.0,0.0,0.2370467462309024,0.0,0.23939628247448017,0.0005100523436389143,0.0,341064471,47439730,2.095488422889422,0.08400457426853766,0.04560325280097505,0.006808278867102397,0.0006192278075781628,0.00008084258921639446,0.0002412973614269924,0.000010681274741026211,0.00022964168209804213,0.000020995060469357645,8.663624350307221e-6
benchmarks/libsodium/libsodium-codecs.wasm,0.037037037037037035,1.0,0.5,0.5,0.5,0.3333333333333333,0.5,0.010752688172043012,0.000047109812974042495,1.0,1.0,1.0,1.0,1.0,1.0,0.0033920663337416376,0.0018373692641100536,0.13106567417318382,0.017667012154904363,0.0,0.0,0.3623857533213983,0.004664091208894752,0.0,0.0,0.0,0.00009422406482615661,0.000047112032413078303,0.0321304061057194,0.023461792141712994,0.0016489211344577405,0.0,0.0,0.0,0.0,0.0,0.0,0.3393950815038161,0.0,0.07561481202299067,0.006595684537830962,0.0,98142004.0,0.0,0.00008151453683379034,0.06471249557936477,0.0007363615684880451,0.0,0.0,0.33778230165342865,0.0004056978498217746,0.0,0.0,0.0,0.0,0.0,0.01776040766398045,0.01278930477107437,0.00014983390801761088,0.0,0.0,0.0,0.0,0.0,0.0,0.4743841077465669,0.0,0.09080022453994316,0.00039775018248048005,0.0,362996802,63001118,1.557781942853776,0.06622175011303033,0.0464117795496899,0.004377845054777514,0.0007287648450937013,0.0000338434316169949,0.0001626506072746978,3.7808738318713645e-6,0.00015150572951704721,0.000018047298779681973,6.33322094379341e-6
benchmarks/libsodium/libsodium-core1.wasm,0.04,1.0,0.5,0.5,0.5,0.3333333333333333,0.5,0.01098901098901099,0.000057313159101329664,1.0,1.0,1.0,1.0,1.0,1.0,0.0012609617699317933,0.0017194933226342638,0.1290766320857454,0.015131541239181522,0.0,0.0,0.37886169542041614,0.00567432796469307,0.0,0.0,0.0,0.00011463288817561759,0.000057316444087808795,0.035937410443056116,0.026422880724479854,0.001662176878546455,0.0,0.0,0.0,0.0,0.0,0.0,0.32286352954662695,0.0,0.07376626354100992,0.007451137731415143,0.0,99337130.0,0.0,0.0005125575905001483,0.0133265476866505,0.002562808085959399,0.0,0.0,0.42388516761053996,0.0,0.0,0.0,0.0,0.0,0.0,0.006663248676501928,0.0025627980192300705,0.0,0.0,0.0,0.0,0.0,0.0,0.0,0.18657098307551265,0.0,0.3639158892551053,0.0,0.0,304558810,50972955,1.9488203106922093,0.05913390725205156,0.01715529342962361,0.2539432176656151,0.000012437968330460732,0.0001289296408810279,0.0008069987260586149,0.000019100687537930058,0.0007689327484143405,0.000014027046303279847,7.454933699645233e-6
benchmarks/libsodium/libsodium-core2.wasm,0.04,1.0,0.5,0.5,0.5,0.3333333333333333,0.5,0.011904761904761904,0.000057636887608069166,1.0,1.0,1.0,1.0,1.0,1.0,0.0009222433569658193,0.0017292062943109112,0.1286529482967318,0.014582973082022018,0.0,0.0,0.37840797740503773,0.0052452590927430974,0.0,0.0,0.0,0.00011528041962072741,0.00005764020981036371,0.036140411551098046,0.02628393567352585,0.0016715660845005476,0.0,0.0,0.0,0.0,0.0,0.0,0.32451438123234766,0.0,0.0741829500259381,0.007493227275347282,0.0,99330654.0,0.0,0.0005178663174814091,0.009321644051593579,0.0005178864522526953,0.0,0.0,0.4282754848266679,0.0,0.0,0.0,0.0,0.0,0.0,0.006732262127258319,0.0025893416547926886,0.0,0.0,0.0,0.0,0.0,0.0,0.0,0.18436042915815293,0.0,0.36768508541180045,0.0,0.0,301880654,49234834,2.017487334272316,0.07708854633869978,0.013766513359220425,0.24613003095975233,0.000013120791673634971,0.00017748446678547713,0.001253172852264845,0.00002592469739563149,0.0011624743074016399,0.00001452223846230496,7.982153448511678e-6
benchmarks/libsodium/libsodium-core3.wasm,0.03571428571428571,1.0,0.5,0.5,0.5,0.3333333333333333,0.5,0.010101010101010102,0.000046630916297505244,1.0,1.0,1.0,1.0,1.0,1.0,0.001119194180190263,0.0017720574519679165,0.11756202201081888,0.013570229434806938,0.0,0.0,0.3749300503637381,0.005036373810856184,0.0,0.0,0.0,0.00009326618168252192,0.00004663309084126096,0.03674687558291363,0.028959149412423054,0.0014922589069203507,0.0,0.0,0.0,0.0,0.0,0.0,0.35459802275694835,0.0,0.05796493191568737,0.0061089349002051855,0.0,1635767276.0,0.0,0.00012019863881908345,0.005971259569322745,0.0003606069204675788,0.0,0.0,0.38999790334477874,2.2008020656845563e-8,0.0,0.0,0.0,0.0,6.11333907134599e-10,0.029930377455478576,0.025242763812326076,1.8340017214037971e-9,0.0,0.0,0.0,0.0,0.0,0.0,0.5451316339941257,0.0,0.0032452146939758197,1.7117349399768772e-8,0.0,357871948,996241975,1.6419377189964315,0.0398077302118397,0.006656112838449715,0.2944606413994169,6.885877299036712e-7,0.0010378377428367518,0.0022290350796205414,2.3707555231175322e-7,0.0007493862497297767,9.887156180103735e-7,4.2258809663184487e-7
benchmarks/libsodium/libsodium-core4.wasm,0.038461538461538464,1.0,0.5,0.5,0.5,0.3333333333333333,0.5,0.011764705882352941,0.00005714285714285714,1.0,1.0,1.0,1.0,1.0,1.0,0.0009143379621692668,0.0017143836790673753,0.12777873021315503,0.01451511514943711,0.0,0.0,0.38042173838505056,0.005200297159837705,0.0,0.0,0.0,0.00011429224527115835,0.00005714612263557917,0.03548774215669467,0.02617292416709526,0.001657237556431796,0.0,0.0,0.0,0.0,0.0,0.0,0.32756157494713983,0.0,0.07097548431338933,0.007428995942625293,0.0,99492346.0,0.0,0.00039323627970336533,0.008651248408596175,0.0007864926614555857,0.0,0.0,0.4451435088283073,0.0,0.0,0.0,0.0,0.0,0.0,0.002752653957923557,0.002752664008947985,0.0,0.0,0.0,0.0,0.0,0.0,0.0,0.5289028163030752,0.0,0.010617379551990864,0.0,0.0,304763687,60934275,1.6327813205293737,0.06693950315334295,0.00977638611438308,0.2396825396825397,0.00001033900871061484,0.0000271976832679558,0.00011706989514513354,3.829276705596665e-6,0.00011154773027979705,0.000010306186460739872,6.334694225868774e-6
benchmarks/libsodium/libsodium-core5.wasm,0.04,1.0,0.5,0.5,0.5,0.3333333333333333,0.5,0.011904761904761904,0.000057636887608069166,1.0,1.0,1.0,1.0,1.0,1.0,0.0009222433569658193,0.0017292062943109112,0.1286529482967318,0.014582973082022018,0.0,0.0,0.37840797740503773,0.0052452590927430974,0.0,0.0,0.0,0.00011528041962072741,0.00005764020981036371,0.036140411551098046,0.02628393567352585,0.0016715660845005476,0.0,0.0,0.0,0.0,0.0,0.0,0.32451438123234766,0.0,0.0741829500259381,0.007493227275347282,0.0,99330654.0,0.0,0.0005178663174814091,0.009321644051593579,0.0005178864522526953,0.0,0.0,0.4282754848266679,0.0,0.0,0.0,0.0,0.0,0.0,0.006732262127258319,0.0025893416547926886,0.0,0.0,0.0,0.0,0.0,0.0,0.0,0.18436042915815293,0.0,0.36768508541180045,0.0,0.0,301880349,49234790,2.017489137254368,0.07709921186423174,0.0137667287704487,0.2503937007874016,0.000012897384146454164,0.00017549282573362982,0.0012237978868408514,0.000026589822080853002,0.0011612027965953382,0.000014522251440495633,7.961849740803201e-6
benchmarks/libsodium/libsodium-core6.wasm,0.038461538461538464,1.0,0.5,0.5,0.5,0.3333333333333333,0.5,0.011764705882352941,0.00005714285714285714,1.0,1.0,1.0,1.0,1.0,1.0,0.0009143379621692668,0.0017143836790673753,0.12777873021315503,0.01451511514943711,0.0,0.0,0.38042173838505056,0.005200297159837705,0.0,0.0,0.0,0.00011429224527115835,0.00005714612263557917,0.03548774215669467,0.02617292416709526,0.001657237556431796,0.0,0.0,0.0,0.0,0.0,0.0,0.32756157494713983,0.0,0.07097548431338933,0.007428995942625293,0.0,99492346.0,0.0,0.00039323627970336533,0.008651248408596175,0.0007864926614555857,0.0,0.0,0.4451435088283073,0.0,0.0,0.0,0.0,0.0,0.0,0.002752653957923557,0.002752664008947985,0.0,0.0,0.0,0.0,0.0,0.0,0.0,0.5289028163030752,0.0,0.010617379551990864,0.0,0.0,304755130,60938879,1.6326579620868968,0.06703079449117046,0.009794403996174593,0.2784615384615385,0.000010666425288197375,0.00001698515634787328,0.00011706838671295899,4.0253838743514714e-6,0.00011154629300008357,0.000012848940001013146,6.4490848280947206e-6
benchmarks/libsodium/libsodium-core_ed25519.wasm,0.04,1.0,0.5,0.5,0.5,0.3333333333333333,0.5,0.007042253521126761,0.000014472827266806571,1.0,1.0,1.0,1.0,1.0,1.0,0.0009986395345471387,0.0015486149303846934,0.04459142617303963,0.02809216429791299,0.0,0.0,0.34838046718962573,0.0025762005383969666,0.0,0.0,0.0,0.000028946073465134455,0.000014473036732567227,0.05266738066981214,0.020638550380640865,0.0004776102121747185,0.0,0.0,0.0,0.0,0.0,0.0,0.46930268909022493,0.0,0.028772397024343647,0.001910440848698874,0.0,34887128002.0,0.0,7.442286449750619e-7,0.01111112118423098,0.010743950834202005,0.0,0.0,0.37257906446913147,0.0012400637277313247,0.0,0.0,0.0,0.0,0.0,0.02672066771866571,0.02424652983620512,4.1386897766913526e-6,0.0,0.0,0.0,0.0,0.0,0.0,0.5508373030849179,0.0,0.0025152087324290377,1.2074940647904583e-6,0.0,1111079145,25445577159,1.3710487989328457,0.017600258793695877,0.0010170755349067145,0.0007168324145983391,0.000012554676909224986,7.447054975322585e-8,4.1366944564926856e-7,1.2001452232957883e-8,3.784853392067627e-7,0.0005157743099318159,2.1378960933004005e-8
benchmarks/libsodium/libsodium-core_ristretto255.wasm,0.038461538461538464,1.0,0.5,0.5,0.5,0.3333333333333333,0.5,0.006896551724137931,0.000018866856593023037,1.0,1.0,1.0,1.0,1.0,1.0,0.0006414852269725671,0.0013018376665031508,0.05511112788196672,0.024112297649145315,0.0,0.0,0.3547601977283876,0.003414965473001019,0.0,0.0,0.0,0.00003773442511603336,0.00001886721255801668,0.046677483868533265,0.024546243537979698,0.0006414852269725671,0.0,0.0,0.0,0.0,0.0,0.0,0.4488132523301008,0.0,0.03737594807743104,0.002547073695332252,0.0,39009975185.0,0.0,8.474755455038622e-7,0.011176593754093156,0.010873350162065734,0.0,0.0,0.37444044946782246,0.0010644114435624191,0.0,0.0,0.0,0.0,2.5634469011006114e-11,0.027288297978957047,0.024662751756118553,0.000010099570638832232,0.0,0.0,0.0,0.0,0.0,0.0,0.5482221903905063,0.0,0.002260547708164352,4.6026689109261477e-7,0.0,818319862,28250937199,1.3808382677789832,0.01939776662957992,0.0009666881069335529,0.0002648546610047736,0.0000283331839351628,9.822768806237797e-7,1.2694071681336366e-6,8.306372835166672e-8,3.2441087444807876e-7,0.0004747603913287082,2.0601086466632374e-8
benchmarks/libsodium/libsodium-ed25519_convert.wasm,0.03571428571428571,1.0,0.5,0.5,0.5,0.3333333333333333,0.5,0.008264462809917356,0.000018065215427693975,1.0,1.0,1.0,1.0,1.0,1.0,0.0003974419192831593,0.0008310149221375149,0.04767496477219352,0.022726451566282474,0.0,0.0,0.3547169129602197,0.0030530765617660873,0.0,0.0,0.0,0.0000361310835711963,0.00001806554178559815,0.05242620226180583,0.021317339307005818,0.0006322939624959353,0.0,0.0,0.0,0.0,0.0,0.0,0.45615493008635327,0.0,0.03763052353940095,0.002384651515698956,0.0,4171774992.0,0.0,1.442072022469231e-6,0.01144145024396848,0.011038241057656736,0.0,0.0,0.37471244614047966,0.0012433748248520111,0.0,0.0,0.0,0.0,0.0,0.02880922418646111,0.025853252681850295,0.000016077089519117575,0.0,0.0,0.0,0.0,0.0,0.0,0.544326913688925,0.0,0.0025570986020235485,4.794122415123773e-7,0.0,895010687,3022140939,1.3804038515094548,0.011353376568128746,0.0011698408748500792,0.0015990653864408017,0.00004531721146179146,1.2941683262119184e-6,3.138607002122539e-6,7.150960120810601e-7,2.8489326999553156e-6,0.0004384580424096495,1.5783512735770526e-7
benchmarks/libsodium/libsodium-generichash.wasm,0.03571428571428571,1.0,0.5,0.5,0.5,0.3333333333333333,0.5,0.009174311926605505,0.00004308302098143122,1.0,1.0,1.0,1.0,1.0,1.0,0.001938819474364498,0.0017233950883239983,0.11585523481258078,0.014519603619129686,0.0,0.0,0.3878500646273158,0.004523912106850495,0.0,0.0,0.0,0.00008616975441619992,0.00004308487720809996,0.03192589401120207,0.023093494183541577,0.0017664799655320983,0.0,0.0,0.0,0.0,0.0,0.0,0.35812149935372684,0.0,0.052822059457130546,0.005730288668677294,0.0,93950985.0,0.0,0.00013896607896127965,0.1003806080372654,0.00024381862521185915,0.0,0.0,0.36745144289865617,0.00018443659744493365,0.0,0.0,0.0,0.0,1.0643847959656835e-8,0.02264072058424933,0.014224523564069072,0.00017971072895084603,0.0,0.0,0.0,0.0,0.0,0.0,0.49449371925158636,0.0,0.0000618194689496869,2.2352080715279354e-7,0.0,393731211,58184130,1.614718394861279,0.007212683183363493,0.0664079363221552,0.006602930050209781,0.0004997582674175931,0.0010829728224336667,0.0001882812351530568,0.00018145555269500268,0.00016382227096027653,0.000018750817447987964,7.184089544691998e-6
benchmarks/libsodium/libsodium-generichash2.wasm,0.038461538461538464,1.0,0.5,0.5,0.5,0.3333333333333333,0.5,0.010101010101010102,0.00004597701149425287,1.0,1.0,1.0,1.0,1.0,1.0,0.0014713320152650697,0.0017472067681272702,0.10906248563152329,0.013839716768587062,0.0,0.0,0.39454687571842384,0.00482780817508851,0.0,0.0,0.0,0.00009195825095406686,0.00004597912547703343,0.031679617453676034,0.023495333118764082,0.0018851441445583705,0.0,0.0,0.0,0.0,0.0,0.0,0.354912869557221,0.0,0.05632442870936595,0.006069244562968412,0.0,99848714.0,0.0,0.000553076727658205,0.015758430298861936,0.001789276925489496,0.0,0.0,0.4260756928727194,0.000912340243060116,0.0,0.0,0.0,0.0,0.0,0.041841300029162115,0.03729382032902297,0.0008083429096542996,0.0,0.0,0.0,0.0,0.0,0.0,0.47464859687627026,0.0,0.00024226651532036758,0.00007685627278083921,0.0,370145682,61720710,1.617750573510901,0.02880354548419834,0.02766716390657204,0.0012060854416318125,0.002297138189110268,0.000020883310893266538,0.00011571453844729848,2.5819366195311356e-6,0.00010750783359288015,0.000015327108194315975,5.703110025791991e-6
benchmarks/libsodium/libsodium-generichash3.wasm,0.034482758620689655,1.0,0.5,0.5,0.5,0.3333333333333333,0.5,0.010309278350515464,0.00004488128899061981,1.0,1.0,1.0,1.0,1.0,1.0,0.0013913824057450628,0.0026929982046678637,0.10763016157989228,0.014228007181328545,0.0,0.0,0.3939407540394973,0.004847396768402155,0.0,0.0,0.0,0.00008976660682226212,0.00004488330341113106,0.030700179533213644,0.024685816876122084,0.0021543985637342907,0.0,0.0,0.0,0.0,0.0,0.0,0.35570017953321365,0.0,0.05601436265709156,0.005879712746858169,0.0,99876844.0,0.0,0.0004215992247412223,0.016060309234440767,0.0009407786253238038,0.0,0.0,0.41739844122427416,0.0007723511968399802,0.0,0.0,0.0,0.0,0.0,0.04575919519443366,0.041600123047540426,0.0006759524760313813,0.0,0.0,0.0,0.0,0.0,0.0,0.47584860610934004,0.0,0.0004436664017937932,0.00007897726524077994,0.0,378302227,59799252,1.6702022292854097,0.02879594710617702,0.027443470363140997,0.0015602717892794229,0.0019935031963276063,0.000018791096603996907,0.0001179225216904259,2.933631115391922e-6,0.00010971197275335285,0.00001749185759045949,5.886361254150804e-6
benchmarks/libsodium/libsodium-hash.wasm,0.037037037037037035,1.0,0.5,0.5,0.5,0.3333333333333333,0.5,0.009900990099009901,0.00004382312984793374,1.0,1.0,1.0,1.0,1.0,1.0,0.001095626259970199,0.0016215268647558944,0.10780962398106758,0.01288456481724954,0.0,0.0,0.3722499780874748,0.005127530896660531,0.0,0.0,0.0,0.00008765010079761592,0.00004382505039880796,0.03668156718380226,0.028398632658427556,0.0014900517135594707,0.0,0.0,0.0,0.0,0.0,0.0,0.36418616881409416,0.0,0.06262599701989657,0.0056972565518450344,0.0,99956826.0,0.0,0.00012737499287942576,0.015083372095068324,0.0004352179009765676,0.0,0.0,0.34086614554967964,0.00048827080603779875,0.0,0.0,0.0,0.0,0.0,0.0610444653374648,0.05733998596554076,0.00004245833095980859,0.0,0.0,0.0,0.0,0.0,0.0,0.5009340332595195,0.0,0.02363867576187343,0.0,0.0,375235706,55121019,1.8134067151407343,0.017479912273381047,0.024129470465703837,0.017632241813602016,0.00016565368648210224,0.000026360935756666488,0.00014477162239597775,5.381644324025339e-6,0.00013649050814247953,0.000017089669550557475,6.63993530308284e-6
benchmarks/libsodium/libsodium-hash3.wasm,0.037037037037037035,1.0,0.5,0.5,0.5,0.3333333333333333,0.5,0.011363636363636364,0.000050443906376109764,1.0,1.0,1.0,1.0,1.0,1.0,0.0008071432174746507,0.0016142864349493013,0.11743933814256168,0.01326741663723957,0.0,0.0,0.37506936387025175,0.005044645109216567,0.0,0.0,0.0,0.00010089290218433133,0.00005044645109216567,0.03652323059072794,0.027442869394138123,0.0016142864349493013,0.0,0.0,0.0,0.0,0.0,0.0,0.3424305100136205,0.0,0.07203753215961257,0.006558038641981537,0.0,99922382.0,0.0,0.0001717032726461625,0.017685487121393884,0.000400660985043371,0.0,0.0,0.32726647769465705,0.0006295786663692625,0.0,0.0,0.0,0.0,0.0,0.0691391844521881,0.06627747324918655,0.000057234424215387496,0.0,0.0,0.0,0.0,0.0,0.0,0.4752746787001135,0.0,0.04309752143418679,0.0,0.0,335013906,52455052,1.9049143636346029,0.010960935307111215,0.031242367274747912,0.01251657824933687,0.00022998738043382362,0.000027681913666070578,0.00012963153414276537,4.4214167661084945e-6,0.00012438165892826085,0.000013497270005565908,6.767698943468782e-6
benchmarks/libsodium/libsodium-kdf.wasm,0.037037037037037035,1.0,0.5,0.5,0.5,0.3333333333333333,0.5,0.009708737864077669,0.000043838498969795274,1.0,1.0,1.0,1.0,1.0,1.0,0.001446733888645331,0.001972818939061815,0.10990793511617712,0.014072775098640947,0.0,0.0,0.3940377027619465,0.004734765453748356,0.0,0.0,0.0,0.00008768084173608067,0.000043840420868040336,0.031126698816308637,0.02472599736957475,0.0017974572555896537,0.0,0.0,0.0,0.0,0.0,0.0,0.3504603244191144,0.0,0.059842174484875055,0.005743095133713284,0.0,99640129.0,0.0,0.00030731594094985564,0.025626412025219276,0.0011061005350565133,0.0,0.0,0.3912304047699497,0.001317812424751076,0.0,0.0,0.0,0.0,0.0,0.052697211983737995,0.05828457929836683,0.0006146318818997113,0.0,0.0,0.0,0.0,0.0,0.0,0.43629027216534416,0.0,0.03252513854132003,1.2043340489854244e-7,0.0,385621066,57863207,1.721994582844328,0.024134954136882342,0.03737489005751098,0.0016356254807083817,0.001775100367319772,0.000023487177512201892,0.00010766217933020871,2.763197354376693e-6,0.00010049194337078008,0.000017161164261082177,5.979620175563376e-6
benchmarks/libsodium/libsodium-kdf_hkdf.wasm,0.037037037037037035,1.0,0.5,0.5,0.5,0.3333333333333333,0.5,0.008771929824561403,0.00004020585397233837,1.0,1.0,1.0,1.0,1.0,1.0,0.001125809175344779,0.0032970125849382816,0.10972618712556793,0.014555104338386072,0.0,0.0,0.3687025049254151,0.005428008523983756,0.0,0.0,0.0,0.00008041494109605565,0.000040207470548027825,0.03683004302199348,0.030155602911020866,0.0015680913513730851,0.0,0.0,0.0,0.0,0.0,0.0,0.3646013429295163,0.0,0.05862249205902457,0.005267178641791645,0.0,105885771.0,0.0,0.00022748098986784542,0.01722404231254075,0.0004798378433680197,0.0,0.0,0.33802302860882033,0.0006461302529496622,0.0,0.0,0.0,0.0,0.0,0.06434047687106137,0.061193529015338616,0.000053321612022827884,0.0,0.0,0.0,0.0,0.0,0.0,0.49796634148321967,0.0,0.019845206585878284,6.044249326002452e-7,0.0,403995376,58374477,1.8139052620548533,0.023008699460413215,0.027068302470615712,0.01627561136814276,0.00020735089412449897,0.000032140335788928876,0.00013322067774669148,4.688908404220393e-6,0.00012518263487572396,0.000022252876030049913,6.835179011539581e-6
benchmarks/libsodium/libsodium-keygen.wasm,0.04,1.0,0.5,0.5,0.5,0.3333333333333333,0.5,0.009433962264150943,0.00005708740081064109,1.0,1.0,1.0,1.0,1.0,1.0,0.0010276318794245262,0.001712719799040877,0.1318223338661795,0.015985384791048184,0.0,0.0,0.37548527060972825,0.00519525005709066,0.0,0.0,0.0,0.00011418131993605846,0.00005709065996802923,0.03636675039963462,0.026661338205069652,0.001712719799040877,0.0,0.0,0.0,0.0,0.0,0.0,0.3270153002968714,0.0,0.06936515186115552,0.007478876455811829,0.0,99858645.0,0.0,0.0004159279349324237,0.03742236838883604,0.0024955776237500517,0.0,0.0,0.40975830385040773,0.0020795996180400806,0.0,0.0,0.0,0.0,0.0,0.03803301156349558,0.036788001679774446,0.00020796396746621185,0.0,0.0,0.0,0.0,0.0,0.0,0.26567706781921585,0.0,0.20629032168421674,0.0008318558698648474,0.0,316563561,53341018,1.872079850444549,0.03291242066981251,0.050126396162892876,0.16688778550148958,0.0023598162299789628,0.00004596018031354463,0.00017780657599284465,5.07699666254272e-6,0.00016025187005415715,0.000018916024437328886,7.480172200688034e-6
benchmarks/libsodium/libsodium-kx.wasm,0.03571428571428571,1.0,0.5,0.5,0.5,0.3333333333333333,0.5,0.007633587786259542,0.00002405523080993962,1.0,1.0,1.0,1.0,1.0,1.0,0.0008900649506855906,0.0015395718065912918,0.0665383690161174,0.020495549675246572,0.0,0.0,0.3719028145297089,0.003680538850132307,0.0,0.0,0.0,0.00004811161895597787,0.000024055809477988934,0.04558575896078903,0.02215540052922781,0.0012268462833774356,0.0,0.0,0.0,0.0,0.0,0.0,0.4244647582391147,0.0,0.03817656964156844,0.003271590089006495,0.0,114690545.0,0.0,1.7438229105982537e-6,0.011146908404698922,0.010931537556125486,0.0,0.0,0.37941661189246245,0.0008257873393138031,0.0,0.0,0.0,0.0,8.719114552991268e-9,0.026367073240431457,0.025864520915826146,7.0363254442639535e-6,0.0,0.0,0.0,0.0,0.0,0.0,0.5446588382677927,0.0,0.0007787913118731801,1.1422040064418562e-6,0.0,691947192,84236574,1.3615290788060777,0.02900785359175733,0.0008238108069304908,0.09221556886227544,0.000029737676653373866,0.00004383001435684239,0.00011286442369646365,0.00002342261983576024,0.00010351768157378232,0.00027611521807617675,6.434259778893667e-6
benchmarks/libsodium/libsodium-metamorphic.wasm,0.03225806451612903,1.0,0.5,0.5,0.5,0.3333333333333333,0.5,0.007246376811594203,0.000031261723146179817,1.0,1.0,1.0,1.0,1.0,1.0,0.0008753556132178698,0.0028449057429580766,0.09841498108606621,0.013630537405821114,0.0,0.0,0.38287429268140183,0.00465814237033795,0.0,0.0,0.0,0.00006252540094413355,0.00003126270047206678,0.03617094444618126,0.02735486291305843,0.0017819739269078062,0.0,0.0,0.0,0.0,0.0,0.0,0.3814987338606309,0.0,0.0456435426892175,0.004157939162784881,0.0,442963420.0,0.0,0.0001944178596056532,0.01864574280196771,0.0014085564898338558,0.0,0.0,0.3639450905449484,0.000611969268252444,0.0,0.0,0.0,0.0,0.0,0.05261902664558622,0.04829761112102665,0.00010409888924913935,0.0,0.0,0.0,0.0,0.0,0.0,0.461170057789422,0.0,0.052925121898327404,0.0000783066917805538,0.0,516896686,249796603,1.773296412681801,0.040761448795846644,0.026255561209533342,0.0019066227565668185,0.0005081173982177812,7.320501555342961e-6,0.00003581459247269625,1.1153118713126396e-6,0.0000327017673389662,6.753494562133817e-6,1.761433080817356e-6
benchmarks/libsodium/libsodium-onetimeauth.wasm,0.03571428571428571,1.0,0.5,0.5,0.5,0.3333333333333333,0.5,0.00909090909090909,0.00005392579810181191,1.0,1.0,1.0,1.0,1.0,1.0,0.0014021463625087634,0.001887504718761797,0.12581567168203633,0.016610041525103814,0.0,0.0,0.37528986679609555,0.005878228981286739,0.0,0.0,0.0,0.00010785741250067412,0.00005392870625033706,0.03764223696273526,0.027341854068920885,0.0016178611875101116,0.0,0.0,0.0,0.0,0.0,0.0,0.3335490481583347,0.0,0.06573909291916087,0.007064660518794154,0.0,99911266.0,0.0,0.00032128508911097173,0.022971933915840882,0.010977260562387429,0.0,0.0,0.3671218118685434,0.0012315928415920583,0.0,0.0,0.0,0.0,0.0,0.036840690218058095,0.03159304377146017,0.00010709502970365725,0.0,0.0,0.0,0.0,0.0,0.0,0.5285675491290441,0.0,0.00016064254455548587,0.00010709502970365725,0.0,328485562,73569190,1.3580585296643881,0.03745971157872187,0.013959240274359417,0.0037444202604493305,0.0007369117425378749,0.000014295193657038281,0.00010552666092084471,2.2414066709641904e-6,0.0000989177016639951,0.000012613976040785552,4.974908654016715e-6
benchmarks/libsodium/libsodium-onetimeauth7.wasm,0.03571428571428571,1.0,0.5,0.5,0.5,0.3333333333333333,0.5,0.010309278350515464,0.00005420347986340723,1.0,1.0,1.0,1.0,1.0,1.0,0.0009757155247181266,0.0016803989592367736,0.12467476149176063,0.01555724197745013,0.0,0.0,0.3748373807458803,0.005474848222029489,0.0,0.0,0.0,0.00010841283607979184,0.00005420641803989592,0.03778187337380746,0.02737424111014744,0.0016261925411968777,0.0,0.0,0.0,0.0,0.0,0.0,0.3367302688638335,0.0,0.06602341717259323,0.007101040763226366,0.0,131572368.0,0.0,0.00003800190021661691,0.01585250027574179,0.009108865472421991,0.0,0.0,0.3840991901886268,0.000471512377127696,0.0,0.0,0.0,0.0,0.0,0.028273079344441076,0.02451427339211528,0.000041802090238278605,0.0,0.0,0.0,0.0,0.0,0.0,0.49506660091425886,0.0,0.042473629417386485,0.00006054462742511406,0.0,323669106,89504246,1.4700125846543637,0.05328623736811646,0.00803108268182048,0.009588035599596293,0.00024354151868951558,0.00001871943248978818,0.0001064907600211669,1.7494796719428203e-6,0.00009939843306150667,0.000011407280052389916,4.636651539414119e-6
benchmarks/libsodium/libsodium-pwhash_argon2i.wasm,0.027777777777777776,1.0,0.5,0.5,0.5,0.3333333333333333,0.5,0.006211180124223602,0.000026545618645642537,1.0,1.0,1.0,1.0,1.0,1.0,0.0022298911600743296,0.00252190071675073,0.10631802495354394,0.016087071940536237,0.0,0.0,0.377249800902575,0.0040615874701353865,0.0,0.0,0.0,0.00005309264666843642,0.00002654632333421821,0.03286434828776214,0.02548447040084948,0.0020971595434032386,0.0,0.0,0.0,0.0,0.0,0.0,0.3387576320679586,0.0,0.08813379346960445,0.004114680116803823,0.0,5196074374.0,0.0,7.378647271071567e-7,0.006709333140888564,0.00005332487182755633,0.0,0.0,0.4024295684571354,0.00015511094376032886,0.0,0.0,0.0,0.0,5.773589413984011e-10,0.04836367321019412,0.03435496533560588,0.00024350748448313106,0.0,0.0,0.0,0.0,0.0,0.0,0.24694883899673759,0.0,0.26058018487477486,0.0001607542425065373,0.0,643289639,3749840930,1.3856786117058038,0.027666525588481566,0.012397119202600415,0.0001031109481703535,0.0006750297005265233,0.014722521536120753,0.005302332912498761,0.0032231630625768545,0.0023992547360058574,1.02057662483299e-6,4.008170021228074e-7
benchmarks/libsodium/libsodium-pwhash_argon2id.wasm,0.027777777777777776,1.0,0.5,0.5,0.5,0.3333333333333333,0.5,0.005494505494505495,0.000026197898928505933,1.0,1.0,1.0,1.0,1.0,1.0,0.0029080429656798534,0.002515064186533927,0.10833115011789364,0.018103222425988996,0.0,0.0,0.373408435944459,0.004086979303117632,0.0,0.0,0.0,0.00005239717055279015,0.000026198585276395076,0.03261723866911187,0.02515064186533927,0.002069688236835211,0.0,0.0,0.0,0.0,0.0,0.0,0.33969085669373855,0.0,0.08697930311763165,0.004060780717841237,0.0,5918656358.0,0.0,7.525356652916189e-7,0.006580632096904045,0.00005610276723553613,0.0,0.0,0.40233866522446277,0.00016329314316308545,0.0,0.0,0.0,0.0,5.068717997024825e-10,0.04866230130267685,0.03443156582736003,0.0002422201785819578,0.0,0.0,0.0,0.0,0.0,0.0,0.24696329936849495,0.0,0.26040110352357104,0.0001600635250126478,0.0,650804382,4266514449,1.38723457490862,0.027587910860912272,0.012281003996665476,0.00008996258184241275,0.0006721784337733061,0.015199313979279238,0.004706333767444583,0.00282227656294266,0.002089329581180563,8.058099980900826e-7,3.4219970832214096e-7
benchmarks/libsodium/libsodium-pwhash_scrypt.wasm,0.02857142857142857,1.0,0.5,0.5,0.5,0.3333333333333333,0.5,0.006993006993006993,0.000034811668871405693,1.0,1.0,1.0,1.0,1.0,1.0,0.001496953872932985,0.00247171453437772,0.12748476936466493,0.015143603133159269,0.0,0.0,0.36313315926892953,0.00483899042645779,0.0,0.0,0.0,0.00006962576153176675,0.000034812880765883375,0.03919930374238468,0.028581375108790254,0.0014621409921671017,0.0,0.0,0.0,0.0,0.0,0.0,0.36184508268059185,0.0,0.04887728459530026,0.00536118363794604,0.0,21225502592.0,0.0,1.0180206525778177e-6,0.007646757210883386,0.0007980707607076671,0.0,0.0,0.4195815027888504,3.3894603761757654e-6,0.0,0.0,0.0,0.0,1.4133940937307724e-10,0.045596346414184356,0.01996981047505365,0.000022230521890107995,0.0,0.0,0.0,0.0,0.0,0.0,0.48982024641991573,0.0,0.016560432502195896,1.9528395061713504e-7,0.0,469095248,13463133704,1.5765647923182804,0.0692298487231807,0.009829436215186829,0.00023183287707776245,0.000070165387997249,0.0023966209376559155,0.0041622504538103185,0.00014528951278373263,0.0004722057303481507,1.213684745264415e-7,8.534417211192245e-8
benchmarks/libsodium/libsodium-pwhash_scrypt_ll.wasm,0.03333333333333333,1.0,0.5,0.5,0.5,0.3333333333333333,0.5,0.01,0.00004471871925588051,1.0,1.0,1.0,1.0,1.0,1.0,0.0007155315057466124,0.002236035955458164,0.11247260855954563,0.013460936451858146,0.0,0.0,0.37574348195518986,0.005008720540226287,0.0,0.0,0.0,0.00008944143821832655,0.000044720719109163274,0.04002504360270113,0.030097043960466884,0.0015652251688207147,0.0,0.0,0.0,0.0,0.0,0.0,0.3564241313000313,0.0,0.056079781762890746,0.006037297079737042,0.0,1401937427.0,0.0,2.403102973867606e-6,0.007720050689537658,0.0008001862125904996,0.0,0.0,0.4191521880241521,8.003923558850818e-6,0.0,0.0,0.0,0.0,1.4265971943411139e-9,0.04567026014635388,0.020177934089778745,0.00002496545090096949,0.0,0.0,0.0,0.0,0.0,0.0,0.4899877318133686,0.0,0.01645585570061252,4.1941957513628747e-7,0.0,375210704,889214443,1.5766021773895096,0.0692433255715086,0.009943600297549373,0.0026597626020400944,0.0000794892621868941,0.0023350678902772774,0.004144693393746235,0.0005993450157342488,0.002076188612596507,1.1853158799850938e-6,5.949071162354028e-7
benchmarks/libsodium/libsodium-randombytes.wasm,0.038461538461538464,1.0,0.5,0.5,0.5,0.3333333333333333,0.5,0.010526315789473684,0.000056551490131764975,1.0,1.0,1.0,1.0,1.0,1.0,0.001583531274742676,0.0022621875353466803,0.13030200203596878,0.01736228933378577,0.0,0.0,0.3738264902160389,0.005598914149983034,0.0,0.0,0.0,0.00011310937676733401,0.000056554688383667005,0.036760547449383556,0.02658070354032349,0.001979414093428345,0.0,0.0,0.0,0.0,0.0,0.0,0.32750820042981565,0.0,0.06871394638615541,0.007352109489876711,0.0,88876178.0,0.0,0.00003781665768750767,0.09356688358043479,0.017849541189766283,0.0,0.0,0.3674112201359514,0.00018767683731854445,0.0,0.0,0.0,0.0,0.0,0.053248520655332414,0.022128201777533683,0.000037535367463708895,0.0,0.0,0.0,0.0,0.0,0.0,0.26522272368643035,0.0,0.18030940754450533,4.725675759819465e-7,0.0,313159893,85212653,1.0429927348934904,0.006717212034659068,0.07663461669242946,0.0006987171257295792,0.004753143878761761,0.00020114023131217573,0.0007798545192809717,1.9104228211468523e-6,0.00016960076272278231,0.000012345584405170438,4.881904099382987e-6
benchmarks/libsodium/libsodium-scalarmult.wasm,0.04,1.0,0.5,0.5,0.5,0.3333333333333333,0.5,0.008928571428571428,0.000028011989131348215,1.0,1.0,1.0,1.0,1.0,1.0,0.0008964087623956524,0.0010364726315199731,0.0690514874782901,0.022046053000168077,0.0,0.0,0.3606644629951258,0.003865762787831251,0.0,0.0,0.0,0.00005602554764972827,0.000028012773824864137,0.04941453302706034,0.022914448988738866,0.0008964087623956524,0.0,0.0,0.0,0.0,0.0,0.0,0.42139615664743124,0.0,0.04406409322651129,0.003669673371057202,0.0,107620860.0,0.0,3.902589144892542e-7,0.01109932591135213,0.010955896468398413,0.0,0.0,0.37937059785621485,0.0008354328333744964,0.0,0.0,0.0,0.0,0.0,0.02649493787728513,0.025806911411040575,7.247665554800435e-6,0.0,0.0,0.0,0.0,0.0,0.0,0.5445325562349158,0.0,0.0008965919804023124,1.1150254699692978e-7,0.0,602313296,79035469,1.3616780081358155,0.023664377826159773,0.0007554835918035736,0.08552631578947369,0.000028847807558401406,0.000037757804360807044,0.00011628197338975456,0.00002492295120972925,0.00010824404896189135,0.00006629934719562428,5.643036039932907e-6
benchmarks/libsodium/libsodium-scalarmult2.wasm,0.04,1.0,0.5,0.5,0.5,0.3333333333333333,0.5,0.009900990099009901,0.00002869193469715663,1.0,1.0,1.0,1.0,1.0,1.0,0.0004877768851141972,0.0008894754963847124,0.0664237346493745,0.02140479742912889,0.0,0.0,0.36221737633421325,0.0036439802593825317,0.0,0.0,0.0,0.0000573855158957879,0.00002869275794789395,0.04940892918627338,0.022437736715253072,0.0008894754963847124,0.0,0.0,0.0,0.0,0.0,0.0,0.4232468724893837,0.0,0.045133708252037184,0.0037300585332262137,0.0,100152014.0,0.0,1.2780571741672614e-6,0.011154932940240224,0.010913989208444675,0.0,0.0,0.37785253125314083,0.0010697338547779977,0.0,0.0,0.0,0.0,0.0,0.031933536553743196,0.026814927556024985,0.00004153685816043599,0.0,0.0,0.0,0.0,0.0,0.0,0.5354433511441916,0.0,0.004774182574101805,0.0,0.0,587949042,72356247,1.3841515854187407,0.016189626185682558,0.0013317163893257205,0.018461198319699314,0.0001250203040519777,0.000044656940356222896,0.00012374529245021257,0.000028599904901261397,0.00011456606418395267,0.000023522502486896537,6.16394601007982e-6
benchmarks/libsodium/libsodium-scalarmult5.wasm,0.04,1.0,0.5,0.5,0.5,0.3333333333333333,0.5,0.009615384615384616,0.000028580410986309984,1.0,1.0,1.0,1.0,1.0,1.0,0.0005716245569909683,0.0008574368354864525,0.06653709843374872,0.021435920887161314,0.0,0.0,0.36278152509431805,0.0039442094432376815,0.0,0.0,0.0,0.00005716245569909683,0.000028581227849548415,0.04947410540756831,0.022636332456842347,0.000886018063336001,0.0,0.0,0.0,0.0,0.0,0.0,0.42211615410998055,0.0,0.044958271407339656,0.003715559620441294,0.0,98706174.0,0.0,2.0262157056153345e-7,0.011079803376838414,0.010964683931523878,0.0,0.0,0.3796928042211422,0.0007855638290670653,0.0,0.0,0.0,0.0,0.0,0.02534329818112492,0.02559476168127031,0.0,0.0,0.0,0.0,0.0,0.0,0.0,0.546467559364625,0.0,0.00007132279283765977,0.0,0.0,590748066,72740159,1.3569694561706966,0.023191034527434085,0.0006366634419922013,0.2590975254730713,9.444576550898108e-6,0.000015787560975695326,0.0001252495369615582,2.4057235772488117e-6,0.00011696953963914606,0.00003159190234929236,6.117666033696737e-6
benchmarks/libsodium/libsodium-scalarmult6.wasm,0.04,1.0,0.5,0.5,0.5,0.3333333333333333,0.5,0.009615384615384616,0.000028599210661785733,1.0,1.0,1.0,1.0,1.0,1.0,0.0006292006292006292,0.000858000858000858,0.0686114686114686,0.021621621621621623,0.0,0.0,0.3604175604175604,0.0039468039468039465,0.0,0.0,0.0,0.0000572000572000572,0.0000286000286000286,0.05036465036465036,0.02247962247962248,0.0009152009152009152,0.0,0.0,0.0,0.0,0.0,0.0,0.42516802516802515,0.0,0.041155441155441154,0.0037466037466037465,0.0,98695180.0,0.0,0.0,0.011089234550258686,0.010965793871595351,0.0,0.0,0.3796760186262389,0.0007856513357592539,0.0,0.0,0.0,0.0,0.0,0.025350731413631346,0.025586923292505268,0.0,0.0,0.0,0.0,0.0,0.0,0.0,0.5465276926390934,0.0,0.00001783268443301892,1.2158648477058354e-7,0.0,591769650,72734006,1.356933096741571,0.02347781217750258,0.000639480795269272,0.2517985611510791,9.555365340388373e-6,0.000019295987161402413,0.00012678348320299633,2.1551362284163735e-6,0.00011745259207490093,0.00004308851075795275,6.076937381944836e-6
benchmarks/libsodium/libsodium-scalarmult7.wasm,0.04,1.0,0.5,0.5,0.5,0.3333333333333333,0.5,0.00980392156862745,0.00002904443799012489,1.0,1.0,1.0,1.0,1.0,1.0,0.000580905631880101,0.0008423131662261466,0.06697841935577566,0.021754915913909784,0.0,0.0,0.3613813935926109,0.004008248859972697,0.0,0.0,0.0,0.00005809056318801011,0.000029045281594005055,0.05021929187603474,0.02201632344825583,0.0009004037294141567,0.0,0.0,0.0,0.0,0.0,0.0,0.4256586017601441,0.0,0.041796160213773276,0.003775886607220657,0.0,98688041.0,0.0,0.0,0.011078262258747237,0.010966293271542395,0.0,0.0,0.37967785782676544,0.0007857081690374216,0.0,0.0,0.0,0.0,0.0,0.02534754945637233,0.025586392985549284,0.0,0.0,0.0,0.0,0.0,0.0,0.0,0.5465401020575532,0.0,0.00001783397443262654,0.0,0.0,583534892,72731053,1.3568900343021295,0.02408596570884954,0.0006359181957670818,0.2714078374455733,9.473257591911945e-6,0.000013382534949843312,0.00012480676821271925,2.4559708334918435e-6,0.00011710840680894405,0.000025876154989808823,6.269674110176846e-6
benchmarks/libsodium/libsodium-scalarmult8.wasm,0.038461538461538464,1.0,0.5,0.5,0.5,0.3333333333333333,0.5,0.00980392156862745,0.00002856489945155393,1.0,1.0,1.0,1.0,1.0,1.0,0.00045705144685348644,0.0009426686091353158,0.06941468849087325,0.021424286571257178,0.0,0.0,0.36024223726683235,0.0037135430056845775,0.0,0.0,0.0,0.000057131430856685804,0.000028565715428342902,0.049904304853315054,0.02165281229468392,0.00088553717827863,0.0,0.0,0.0,0.0,0.0,0.0,0.4264004341988745,0.0,0.04110606450138544,0.003770674436541263,0.0,292894875.0,0.0,1.789037790435903e-6,0.011701976690442262,0.010904864757363884,0.0,0.0,0.3795642446799385,0.0007845374556314787,0.0,0.0,0.0,0.0,0.0,0.025304969914546987,0.025512416357575392,3.004490945770219e-7,0.0,0.0,0.0,0.0,0.0,0.0,0.5459032972154259,0.0,0.0003204153025893676,1.1881396012818592e-6,0.0,590746683,215534076,1.358926070697053,0.0113361309998021,0.00091432873936834,0.15436241610738255,6.2217540023694445e-6,0.000011343005011268403,0.000045321729499267405,5.4086974567931545e-6,0.00004350886031929671,0.00008589361062331508,2.1806296652599843e-6
benchmarks/libsodium/libsodium-scalarmult_ed25519.wasm,0.04,1.0,0.5,0.5,0.5,0.3333333333333333,0.5,0.008547008547008548,0.00002016657591707504,1.0,1.0,1.0,1.0,1.0,1.0,0.0004436736175533417,0.0010083491308030493,0.050417456540152464,0.023696204573871657,0.0,0.0,0.3529625297462994,0.002984713427177026,0.0,0.0,0.0,0.00004033396523212197,0.000020166982616060984,0.05340216996732949,0.023454200782478927,0.0007058443915621345,0.0,0.0,0.0,0.0,0.0,0.0,0.45149840680837333,0.0,0.03668374137861493,0.002682208687936111,0.0,95906446.0,0.0,2.502438678626461e-7,0.011317612582578651,0.01110923242844386,0.0,0.0,0.3743121395615056,0.0014174021212296824,0.0,0.0,0.0,0.0,0.0,0.0282880151767901,0.025651080846015292,9.603108429229043e-6,0.0,0.0,0.0,0.0,0.0,0.0,0.5460034563265956,0.0,0.0018908739460536364,3.336584904835281e-7,0.0,796768069,69626391,1.377443877566482,0.02138153579767558,0.001094900926288137,0.07275483137552104,0.000037902294835301746,0.00005313260163925086,0.00013471717812417556,0.00003037761921563971,0.00012263656160760547,0.0002693088027498079,6.735951602029754e-6
benchmarks/libsodium/libsodium-scalarmult_ristretto255.wasm,0.038461538461538464,1.0,0.5,0.5,0.5,0.3333333333333333,0.5,0.008849557522123894,0.000022858710311564223,1.0,1.0,1.0,1.0,1.0,1.0,0.0005714808211036438,0.0008000731495451012,0.06066840396836282,0.021281945777899693,0.0,0.0,0.3559411146161935,0.003314588762401134,0.0,0.0,0.0,0.0000457184656882915,0.00002285923284414575,0.049033054450692636,0.024893704567274723,0.0007772139167009555,0.0,0.0,0.0,0.0,0.0,0.0,0.4394458921958579,0.0,0.040117953641475794,0.0030859964339596765,0.0,113603284.0,0.0,7.130075570702692e-7,0.011199966719271953,0.011016785395041926,0.0,0.0,0.3755658859298469,0.0012925506625319036,0.0,0.0,0.0,0.0,8.802562432966286e-9,0.029297700584078185,0.025916697971512866,0.000018309329860569876,0.0,0.0,0.0,0.0,0.0,0.0,0.5429954560116413,0.0,0.0026954414451610394,4.841409338131458e-7,0.0,687899767,82206554,1.3819249010243149,0.02028462662122084,0.0010992310905040491,0.03537245110278818,0.00005846249193221261,0.00003925283423848045,0.00011258329768367878,0.00002564327492221898,0.00010720741937371431,0.0005587389054162275,5.8146215446520235e-6
benchmarks/libsodium/libsodium-secretbox.wasm,0.034482758620689655,1.0,0.5,0.5,0.5,0.3333333333333333,0.5,0.00847457627118644,0.00004960563520015874,1.0,1.0,1.0,1.0,1.0,1.0,0.0017362833614445877,0.0018851076495684095,0.12213513245361643,0.016569104077785494,0.0,0.0,0.37632701656910406,0.005853755332870325,0.0,0.0,0.0,0.00009921619208254787,0.000049608096041273936,0.037900585375533286,0.028078182359361048,0.001537850977279492,0.0,0.0,0.0,0.0,0.0,0.0,0.33569798591130073,0.0,0.06563151106260541,0.006498660581406886,0.0,99945171.0,0.0,0.0003144724220843046,0.01931764166975111,0.005233739607089171,0.0,0.0,0.3950672614287688,0.0008535680028002553,0.0,0.0,0.0,0.0,0.0,0.03007704094077742,0.0248882559818723,0.00006738694758949385,0.0,0.0,0.0,0.0,0.0,0.0,0.4882858522499301,0.0,0.03589478074933705,0.0,0.0,349855008,63593631,1.5716223374633225,0.05966655461597901,0.018009901022949925,0.007525300579534642,0.0003635898695578493,0.000026176612943900054,0.00012166014095536413,3.1706883284160626e-6,0.00011489428347689898,0.000014498307228282027,6.2742132148422225e-6
benchmarks/libsodium/libsodium-secretbox2.wasm,0.034482758620689655,1.0,0.5,0.5,0.5,0.3333333333333333,0.5,0.009345794392523364,0.00004996252810392206,1.0,1.0,1.0,1.0,1.0,1.0,0.001099230538622964,0.0018986709303487558,0.12021584890576596,0.015289297491755772,0.0,0.0,0.37948436094733684,0.006195663035874888,0.0,0.0,0.0,0.000099930048965724,0.000049965024482862,0.03807334865594084,0.028330168881782754,0.00149895073448586,0.0,0.0,0.0,0.0,0.0,0.0,0.3351154192065554,0.0,0.06610372739082643,0.0065454182072549215,0.0,99957237.0,0.0,0.0003350332702773687,0.018464105805565633,0.004504356197840883,0.0,0.0,0.4002158943228893,0.001637940432467136,0.0,0.0,0.0,0.0,0.0,0.027286598568145696,0.024122405464248677,0.00003722591891970764,0.0,0.0,0.0,0.0,0.0,0.0,0.4659940730454564,0.0,0.05740236697418917,0.0,0.0,346447769,63137507,1.5831673081422108,0.06003683516311181,0.016967077905055708,0.010512687726566546,0.0003058403937298316,0.000023090353180303458,0.00012511952372593115,3.1415446503814226e-6,0.00011518541078688738,0.000015315777355605757,6.097801739305291e-6
benchmarks/libsodium/libsodium-secretbox7.wasm,0.034482758620689655,1.0,0.5,0.5,0.5,0.3333333333333333,0.5,0.009259259259259259,0.00005001000200040008,1.0,1.0,1.0,1.0,1.0,1.0,0.0008002000500125031,0.0020505126281570394,0.12003000750187547,0.015203800950237559,0.0,0.0,0.3794948737184296,0.005801450362590647,0.0,0.0,0.0,0.00010002500625156288,0.00005001250312578144,0.03815953988497124,0.028157039259814953,0.0015003750937734434,0.0,0.0,0.0,0.0,0.0,0.0,0.3358839709927482,0.0,0.06621655413853464,0.006551637909477369,0.0,140258738.0,0.0,0.00023944319248045707,0.016021925136671344,0.004858257030660008,0.0,0.0,0.40954431659010077,0.0005740961393792093,0.0,0.0,0.0,0.0,0.0,0.02123715101443448,0.019672392888634146,0.00003386598273827332,0.0,0.0,0.0,0.0,0.0,0.0,0.4615653108186386,0.0,0.06616792744848453,0.00008531375777814285,0.0,346361836,87369683,1.6053479099838328,0.07047130320131609,0.013351187276254626,0.009530069010844562,0.00027863212002268565,0.00001628602422386601,0.00010235672106185761,2.0707316023472246e-6,0.00009716398984701215,0.000013265471044458294,4.669812067419313e-6
benchmarks/libsodium/libsodium-secretbox8.wasm,0.034482758620689655,1.0,0.5,0.5,0.5,0.3333333333333333,0.5,0.009259259259259259,0.00004983057604145904,1.0,1.0,1.0,1.0,1.0,1.0,0.0008969950665271341,0.001993322370060298,0.1203468380923905,0.015149250012458265,0.0,0.0,0.37898041560771417,0.005780634873174864,0.0,0.0,0.0,0.0000996661185030149,0.00004983305925150745,0.038172123386654704,0.02815567847710171,0.0014949917775452235,0.0,0.0,0.0,0.0,0.0,0.0,0.3363731499476753,0.0,0.06597897044899587,0.006528130761947476,0.0,422713298.0,0.0,0.00011712193639103353,0.015975307689515838,0.008059273309163792,0.0,0.0,0.38614200634870965,0.0006593334094731981,0.0,0.0,0.0,0.0,0.0,0.02787622498689407,0.024315726637017226,0.000030029809944611678,0.0,0.0,0.0,0.0,0.0,0.0,0.501152059805793,0.0,0.035644608464624174,0.000028307602473390843,0.0,347780703,284897544,1.483737950369976,0.05340404226907038,0.009162992293117135,0.004332846105658802,0.00020171462060761044,4.174494618454551e-6,0.000032674835943910663,5.432561489769622e-7,0.00003065436299665435,4.099719441596871e-6,1.442623878849584e-6
benchmarks/libsodium/libsodium-secretbox_easy.wasm,0.03333333333333333,1.0,0.5,0.5,0.5,0.3333333333333333,0.5,0.008849557522123894,0.00004800768122899664,1.0,1.0,1.0,1.0,1.0,1.0,0.001104229679773393,0.002688559220317826,0.12160929473330452,0.016083345335829852,0.0,0.0,0.37745451053819196,0.0058092083153295886,0.0,0.0,0.0,0.00009601997215420808,0.00004800998607710404,0.038359978875606125,0.02842191175764559,0.0020164194152383695,0.0,0.0,0.0,0.0,0.0,0.0,0.3363579624561909,0.0,0.06351721158000864,0.006433338134331941,0.0,94094384.0,0.0,0.00046852955645046787,0.023131667454244664,0.0034817805917088528,0.0,0.0,0.3776586071279238,0.001001313744718282,0.0,0.0,0.0,0.0,0.0,0.04635363785366829,0.04174289509137974,0.00014798970361504254,0.0,0.0,0.0,0.0,0.0,0.0,0.4641423020527984,0.0,0.04182187961398419,0.00004939720950827416,0.0,363939906,56252232,1.6727226752531348,0.06222745374701573,0.027818842814983768,0.16979675842552097,0.0008982932446129426,0.000030364692864142344,0.00012942509348073483,3.4407583982030984e-6,0.00011786701349374085,0.000020656958109679986,7.697472342075244e-6
benchmarks/libsodium/libsodium-secretbox_easy2.wasm,0.03333333333333333,1.0,0.5,0.5,0.5,0.3333333333333333,0.5,0.009009009009009009,0.000047085412939071474,1.0,1.0,1.0,1.0,1.0,1.0,0.0008946649715119838,0.002495644394217639,0.1236050289588925,0.015774356076658662,0.0,0.0,0.3773602674577389,0.005320902198992325,0.0,0.0,0.0,0.00009417526015915619,0.000047087630079578097,0.03814098036445826,0.028346753307906012,0.0017893299430239676,0.0,0.0,0.0,0.0,0.0,0.0,0.3375241324104158,0.0,0.06229693459528182,0.006309742430663465,0.0,1757465482.0,0.0,0.000014291034593417978,0.01268110197796761,0.01061446793183731,0.0,0.0,0.37765174667595547,0.00009138899264025488,0.0,0.0,0.0,0.0,0.0,0.025119515263401344,0.02242312830813254,4.046736663019137e-6,0.0,0.0,0.0,0.0,0.0,0.0,0.5479400152452041,0.0,0.0034602739355537454,2.3898051159561836e-8,0.0,367290906,1468363764,1.196886987467228,0.027180953423551923,0.002538163969565242,0.007685031922440294,0.000023040612162641192,7.687976033598058e-7,9.099071268766108e-6,1.0449676162172117e-7,8.67315729448344e-6,8.560549032998338e-7,2.955670867399585e-7
benchmarks/libsodium/libsodium-secretstream_xchacha20poly1305.wasm,0.03333333333333333,1.0,0.5,0.5,0.5,0.3333333333333333,0.5,0.00819672131147541,0.000042605768821098374,1.0,1.0,1.0,1.0,1.0,1.0,0.004047720494247976,0.002513847464848743,0.13054963783553472,0.020622070728589688,0.0,0.0,0.3663826161056668,0.0051129100979974435,0.0,0.0,0.0,0.00008521516829995739,0.000042607584149978694,0.04064763527907968,0.0293992330634853,0.0014912654452492544,0.0,0.0,0.0,0.0,0.0,0.0,0.33907115466553045,0.0,0.05440988495952279,0.0056242011077971875,0.0,98401338.0,0.0,0.00023623662515645874,0.023490209045734723,0.006719370015070323,0.0,0.0,0.3945353669886074,0.0007202137840849278,0.0,0.0,0.0,0.0,1.0162463441299954e-8,0.03349110964324489,0.027246743331884368,0.00004169658749965371,0.0,0.0,0.0,0.0,0.0,0.0,0.41721772116553946,0.0,0.09618846849419872,0.000112854156515636,0.0,407608315,60955246,1.6143210709050375,0.06302105188748061,0.021815382387268194,0.0149896888177537,0.0005329976028642391,0.000030690812931676334,0.00018852205179513222,3.5075214779058663e-6,0.00017416597923165352,0.000021950530722162945,7.923846292081242e-6
benchmarks/libsodium/libsodium-shorthash.wasm,0.038461538461538464,1.0,0.5,0.5,0.5,0.3333333333333333,0.5,0.010752688172043012,0.000056471651231081995,1.0,1.0,1.0,1.0,1.0,1.0,0.0012989213305472412,0.001694245213757271,0.12881911108601118,0.015191732083356864,0.0,0.0,0.37928502851979445,0.005591009205398995,0.0,0.0,0.0,0.0001129496809171514,0.0000564748404585757,0.035409724967526965,0.02592195177048625,0.0016377703732986955,0.0,0.0,0.0,0.0,0.0,0.0,0.32896594567120346,0.0,0.06867340599762806,0.007341729259614842,0.0,99946912.0,0.0,0.0014657381310590166,0.03542968891325027,0.003091811380825853,0.0,0.0,0.4517909267672022,0.0,0.0,0.0,0.0,0.0,0.0,0.013626784187189295,0.0029543884257274503,0.0,0.0,0.0,0.0,0.0,0.0,0.0,0.49161776003644814,0.0,0.000022902158297797134,0.0,0.0,308147247,48490276,2.0611743269929006,0.04795060577739067,0.02398524190705782,0.9966632914489199,0.0030346496687294585,0.00004638393274364239,0.00054159421535505,6.5523771162022695e-6,0.000501374095598266,0.000015116432828718071,7.8572454403023e-6
benchmarks/libsodium/libsodium-sign.wasm,0.03225806451612903,1.0,0.5,0.5,0.5,0.3333333333333333,0.5,0.006329113924050633,0.000017559879188031187,1.0,1.0,1.0,1.0,1.0,1.0,0.0005970463764553006,0.001668217816566281,0.05092454387412858,0.022108276116388922,0.0,0.0,0.3495882136021213,0.0030027920698193055,0.0,0.0,0.0,0.000035120375085605915,0.000017560187542802958,0.04953728905824714,0.020264456424394613,0.0006848473141693153,0.0,0.0,0.0,0.0,0.0,0.0,0.4600769136214375,0.0,0.039053857095193774,0.002440866068449611,0.0,15199741178.0,0.0,2.368066638667339e-6,0.012242089047498121,0.0107923005450534,0.0,0.0,0.37368621356665577,0.0012516046015004058,0.0,0.0,0.0,0.0,0.0,0.028484530685736916,0.0257098471890835,9.649374833585078e-6,0.0,0.0,0.0,0.0,0.0,0.0,0.5440314883103861,0.0,0.0037897727550371056,1.3585757650853073e-7,0.0,908718643,10951805648,1.387875357409739,0.05689022198891918,0.0021179513904390646,0.000724122808508613,0.000026858493426033084,5.168595432773459e-6,1.7643746975997444e-6,3.788427501045985e-6,8.348084454688538e-7,0.0005292618574781341,4.958086524290738e-8
benchmarks/libsodium/libsodium-siphashx24.wasm,0.038461538461538464,1.0,0.5,0.5,0.5,0.3333333333333333,0.5,0.011235955056179775,0.000056195560550716494,1.0,1.0,1.0,1.0,1.0,1.0,0.0011239743733842868,0.0016859615600764303,0.12706530291109364,0.014611666853995729,0.0,0.0,0.38052152410925033,0.00556367314825222,0.0,0.0,0.0,0.00011239743733842868,0.00005619871866921434,0.03506800044958975,0.0258514105878386,0.001629762841407216,0.0,0.0,0.0,0.0,0.0,0.0,0.33106665168034166,0.0,0.06833764190176464,0.0073058334269978644,0.0,99976564.0,0.0,0.0011964403977716219,0.02720037467980996,0.0012338491648902837,0.0,0.0,0.4486278104136485,0.0,0.0,0.0,0.0,0.0,0.0,0.010767963579944596,0.0036080255768741964,0.0,0.0,0.0,0.0,0.0,0.0,0.0,0.5073468418058457,0.0,0.00001869438121518159,0.0,0.0,307604159,45629986,2.1910277158533424,0.05530162168439575,0.017361412295852995,0.9960167645151097,0.002635416105540773,0.00008019072664254156,0.0007858340746477021,8.655507002687025e-6,0.0007433565570991777,0.000016063997915756538,8.218279970543932e-6
benchmarks/libsodium/libsodium-sodium_utils.wasm,0.04,1.0,0.5,0.5,0.5,0.3333333333333333,0.5,0.010416666666666666,0.000052515492070160695,1.0,1.0,1.0,1.0,1.0,1.0,0.001838138753216743,0.0019956935034924636,0.12856467622498818,0.01869649703271887,0.0,0.0,0.3731946851530907,0.005514416259650229,0.0,0.0,0.0,0.00010503650018381387,0.000052518250091906935,0.03618507431332388,0.028359855049629748,0.0019431752534005567,0.0,0.0,0.0,0.0,0.0,0.0,0.3328081508324143,0.0,0.06386219211175884,0.0068798907620398085,0.0,204657544.0,0.0,0.00007843834967549498,0.025844862088250212,0.0005648606825849528,0.0,0.0,0.4110031096630379,0.0004947630955641684,0.0,0.0,0.0,0.0,0.0,0.08174835714827107,0.03901484325444656,0.00003445756194552985,0.0,0.0,0.0,0.0,0.0,0.0,0.3568835947723481,0.0,0.08421605020335825,0.0001166631805177922,0.0,327572188,189701812,1.0788381083044163,0.01936586110432647,0.04189138161737749,0.005085237003662425,0.00020006661823557067,0.000011067604607573819,0.00005591828634137324,1.2684933647649077e-6,0.000052760291591811755,5.176545177122504e-6,2.1507438210447878e-6
benchmarks/libsodium/libsodium-stream.wasm,0.03571428571428571,1.0,0.5,0.5,0.5,0.3333333333333333,0.5,0.009174311926605505,0.00004387696897898293,1.0,1.0,1.0,1.0,1.0,1.0,0.0012724879333040808,0.0022378236068451075,0.11290039491004826,0.014085125054848617,0.0,0.0,0.3766564282580079,0.005265467310223783,0.0,0.0,0.0,0.00008775778850372971,0.000043878894251864855,0.0363317244405441,0.029706011408512506,0.001491882404563405,0.0,0.0,0.0,0.0,0.0,0.0,0.35037297060114087,0.0,0.0637999122422115,0.005748135146994296,0.0,1122093377.0,0.0,0.00005905123526987897,0.00581994701498002,0.0002351479880448488,0.0,0.0,0.3925396575974978,7.076059945410408e-7,0.0,0.0,0.0,0.0,8.911914288929984e-10,0.029094931553098367,0.024786059315632162,1.8715020006752966e-8,0.0,0.0,0.0,0.0,0.0,0.0,0.516871109738312,0.0,0.030593355868279045,1.2476680004501979e-8,0.0,379063745,663200504,1.691936858057635,0.05601131774993118,0.007131420997834465,0.23709167544783982,1.4309398051965292e-6,0.0016559055041432266,0.0024383229203811807,4.281406974428751e-7,0.0012265954840131501,1.928526881819137e-6,6.966219072716506e-7
benchmarks/libsodium/libsodium-stream2.wasm,0.03571428571428571,1.0,0.5,0.5,0.5,0.3333333333333333,0.5,0.009900990099009901,0.00004497009488690021,1.0,1.0,1.0,1.0,1.0,1.0,0.001124302932182047,0.001933801043353121,0.11382442885411045,0.013311746717035437,0.0,0.0,0.3769113149847095,0.005126821370750135,0.0,0.0,0.0,0.00008994423457456377,0.000044972117287281886,0.03651735923727289,0.029861485878755173,0.0014391077531930203,0.0,0.0,0.0,0.0,0.0,0.0,0.3517719014211189,0.0,0.062151466091023566,0.005891347364633927,0.0,1029607034.0,0.0,0.00006378452927313626,0.005105598375311798,0.0002548894785425485,0.0,0.0,0.3857528337359824,3.787852910103565e-8,0.0,0.0,0.0,0.0,9.71244335923991e-10,0.03140310034051302,0.026681790326618923,1.942488671847982e-9,0.0,0.0,0.0,0.0,0.0,0.0,0.5490155441187478,0.0,0.0017224066478162775,1.1654932031087892e-8,0.0,370065970,624801391,1.6478949132173106,0.05090722980497452,0.006223113546173267,0.2995720399429387,1.121956529062849e-6,0.0011103362820314951,0.0012420500122684276,4.221939382306288e-7,0.001239960181255522,1.7717630209309185e-6,6.690125950759927e-7
benchmarks/libsodium/libsodium-stream3.wasm,0.038461538461538464,1.0,0.5,0.5,0.5,0.3333333333333333,0.5,0.01098901098901099,0.00005378657487091222,1.0,1.0,1.0,1.0,1.0,1.0,0.0008606314883545801,0.0018826313807756441,0.12484535527943628,0.014361787961917057,0.0,0.0,0.38093701253294604,0.005378946802216126,0.0,0.0,0.0,0.00010757893604432252,0.00005378946802216126,0.036738206659136144,0.02743262869130224,0.0015598945726426766,0.0,0.0,0.0,0.0,0.0,0.0,0.32790059706309505,0.0,0.0709483083212307,0.0069926308428809635,0.0,99781058.0,0.0,0.0005078719449938084,0.01963776531613846,0.001692926527197176,0.0,0.0,0.4068054680278094,0.001523615834981425,0.0,0.0,0.0,0.0,0.0,0.02522430660135915,0.02522431662330139,0.0,0.0,0.0,0.0,0.0,0.0,0.0,0.3944472306557423,0.0,0.12493649846847685,0.0,0.0,320081973,56596281,1.7630320621243647,0.07420180422195197,0.024335962993752187,0.009180066142091459,0.00030987901837578336,0.00003944511237343714,0.00014408141812023573,5.069747985300698e-6,0.00013630132077625622,0.00001293371202252671,6.6788840772064154e-6
benchmarks/libsodium/libsodium-stream4.wasm,0.038461538461538464,1.0,0.5,0.5,0.5,0.3333333333333333,0.5,0.01098901098901099,0.000053769222497042695,1.0,1.0,1.0,1.0,1.0,1.0,0.0008603538205086842,0.0018820239823627467,0.124805076087541,0.014357154379738668,0.0,0.0,0.38102919825778353,0.005377211378179276,0.0,0.0,0.0,0.00010754422756358553,0.000053772113781792764,0.036726353712964455,0.027423778028714308,0.0015593912996719902,0.0,0.0,0.0,0.0,0.0,0.0,0.3279023498413723,0.0,0.07092541807818466,0.006990374791633059,0.0,99883421.0,0.0,0.000437560103192701,0.01601474983521039,0.001225188312282576,0.0,0.0,0.4237332439784977,0.0007876081857468619,0.0,0.0,0.0,0.0,0.0,0.01706484402451534,0.017239878077463928,0.0,0.0,0.0,0.0,0.0,0.0,0.0,0.45331228693098125,0.0,0.07018464055210924,0.0,0.0,320106092,58431350,1.7094149116869626,0.07641978891769866,0.017807940429238757,0.01704484925961436,0.0001606500619958293,0.000033234246447898595,0.00012736487382917187,5.028866238826761e-6,0.00012112930188128532,0.000012750004920303912,6.4691300132548705e-6
benchmarks/libsodium/libsodium-verify1.wasm,0.04,1.0,0.5,0.5,0.5,0.3333333333333333,0.5,0.010526315789473684,0.00005385029617662897,1.0,1.0,1.0,1.0,1.0,1.0,0.0012386235123054553,0.0017233022779901987,0.13086326673488072,0.015617426894286177,0.0,0.0,0.3746566858743066,0.005546879207280952,0.0,0.0,0.0,0.00010770639237438742,0.00005385319618719371,0.03866659486240508,0.028542193979212666,0.0016155958856158112,0.0,0.0,0.0,0.0,0.0,0.0,0.328881469115192,0.0,0.06543163336744036,0.007054768700522376,0.0,852396468.0,0.0,0.00020089947158251248,0.027840508367756398,0.001870210705753417,0.0,0.0,0.41680768789858474,0.0011330443476215812,0.0,0.0,0.0,0.0,0.0,0.15301525979575034,0.03858171195519313,0.00003715172597359941,0.0,0.0,0.0,0.0,0.0,0.0,0.317771669837562,0.0,0.042624511438027216,0.0001173444561950015,0.0,321530406,443641722,1.9213622743985292,0.056568204986585637,0.042900793717503424,0.0005649257024331153,0.000801996255888665,2.456933277525784e-6,0.000025038953582857886,2.3140091810492148e-7,0.000023237949928546432,2.305914771469578e-6,8.858499561950578e-7
benchmarks/libsodium/libsodium-xchacha20.wasm,0.03125,1.0,0.5,0.5,0.5,0.3333333333333333,0.5,0.006024096385542169,0.000021024746126190526,1.0,1.0,1.0,1.0,1.0,1.0,0.0019132921239645095,0.0017030402422101678,0.08403767713721037,0.021866195702451536,0.0,0.0,0.3556620831756444,0.004078886506034229,0.0,0.0,0.0,0.00004205037635086834,0.00002102518817543417,0.047769227534586435,0.023863588579117783,0.0009251082797191035,0.0,0.0,0.0,0.0,0.0,0.0,0.41636180143812285,0.0,0.03889659812455321,0.002859425591859047,0.0,316791825.0,0.0,3.475468472079417e-6,0.011530704745932128,0.010873345611112282,0.0,0.0,0.3796592036426445,0.0008088781962728994,0.0,0.0,0.0,0.0,3.1566471136052832e-9,0.025883369938602425,0.025738893356859825,3.702747064258997e-6,0.0,0.0,0.0,0.0,0.0,0.0,0.5439193009478701,0.0,0.0015763064592970479,2.8157292253359125e-6,0.0,779169353,232699594,1.3613767843531348,0.031479834613909456,0.0010196107174987165,0.06121968448316459,0.000018250998753354078,0.00001802636703932251,0.0000419156449287414,0.000010740118944688214,0.00003815819372973325,0.00016476178295351903,2.243235542559649e-6
benchmarks/meshoptimizer/benchmark.wasm,0.0625,1.0,0.5,0.5,0.5,0.041666666666666664,0.5,0.02857142857142857,0.00004810930433945925,1.0,1.0,1.0,1.0,1.0,1.0,0.0009141207601635795,0.0025018041857108493,0.13957180659129179,0.010777002646139042,0.0,0.0,0.3744046187154198,0.004233822468126053,0.0,0.0,0.0,0.00004811161895597787,0.00004811161895597787,0.04354101515515997,0.03815251383209045,0.0038489295164782296,0.0,0.0,0.0,0.0,0.0,0.0,0.33360596584075053,0.008515756555208082,0.03093577098869377,0.008900649506855906,0.0,111862968.0,0.0,3.77247276328302e-6,0.04820813443819942,0.00009014600792641225,0.0,0.0,0.3942677347877986,3.557924549257445e-6,0.0,0.0,0.0,0.0,6.257656242412592e-8,0.04257210482739918,0.030034059171396205,0.000054432669800071814,0.0,0.0,0.0,0.0,0.0,0.0,0.2853361713055924,0.006539250773321159,0.1835912399535117,0.009299333091179916,0.0,401270382,61383670,1.8223571187581322,0.0461765698484321,0.06729082832616558,0.22422003997566697,0.0018746028055996,0.023335472624302925,0.012352091794022226,5.745730813595483e-6,0.0021842621768073797,0.00001995644770017824,8.617927210934113e-6
benchmarks/noop/benchmark.wasm,0.1,1.0,0.3333333333333333,0.5,0.5,0.3333333333333333,0.5,0.034482758620689655,0.0009345794392523365,1.0,1.0,1.0,1.0,1.0,1.0,0.002806361085126286,0.009354536950420954,0.19363891487371376,0.042095416276894296,0.0,0.0,0.33956969130028064,0.01683816651075772,0.0,0.0,0.0,0.0,0.0,0.07296538821328344,0.03835360149672591,0.0009354536950420954,0.0,0.0,0.0,0.0,0.0,0.0,0.27502338634237605,0.0,0.0,0.00841908325537886,0.0,0.0,0.0,0.0,0.0,0.0,0.0,0.0,0.0,0.0,0.0,0.0,0.0,0.0,0.0,0.0,0.0,0.0,0.0,0.0,0.0,0.0,0.0,0.0,0.0,0.0,0.0,0.0,0.0,30087325,1708,0.0,0.1390728476821192,0.08840749414519906,0.7222222222222222,0.02107728337236534,0.06369426751592357,0.0,0.0021231422505307855,0.0,0.06850117096018736,0.00585480093676815
benchmarks/pulldown-cmark/benchmark.wasm,0.038461538461538464,1.0,0.3333333333333333,0.5,0.5,0.3333333333333333,0.5,0.002380952380952381,0.000011329775783737239,1.0,1.0,1.0,1.0,1.0,1.0,0.006911241530896649,0.0009970315651129593,0.18094989916385307,0.02144750855407763,0.0,0.0,0.35575899027894226,0.006072828623869842,0.0,0.0,0.0,0.000011329904149010899,0.000011329904149010899,0.061895266366046545,0.04544424554168272,0.0010536810858580137,0.0,0.0,0.0,0.0,0.0,0.0,0.3156058099748476,0.0,0.0,0.003840837506514695,0.0,109620587.0,0.0,0.0004344439425415593,0.21825647585703953,0.0047304800511604635,0.0,0.0,0.3609603823778101,0.006590933507772586,0.0,0.0,0.0,0.0,4.561187033234916e-8,0.08619862617593901,0.02728361598720503,0.001009646116928748,0.0,0.0,0.0,0.0,0.0,0.0,0.2930715194947825,0.0,0.0,0.001463830876950148,0.0,1473653055,96844520,1.1319234893208205,0.034139943869574405,0.10612362991731489,0.2785986668178482,0.0069211556833572,0.0037569585038055306,0.0058167295242701825,2.9498679330717873e-6,0.004925189197223828,0.00006878035019431146,6.629182528861726e-6
benchmarks/regex/benchmark.wasm,0.03571428571428571,1.0,0.3333333333333333,0.5,0.5,0.3333333333333333,0.5,0.0011013215859030838,4.652591027943462e-6,1.0,1.0,1.0,1.0,1.0,1.0,0.005894860258778317,0.0016051513727533696,0.15623008100198665,0.02421684897153997,0.0,0.0,0.3587397002786915,0.006401995040314889,0.0,0.0,0.0,4.6526126746474484e-6,4.6526126746474484e-6,0.07028236706322435,0.0508716669845952,0.0018750029078829216,0.0,0.0,0.0,0.0,0.0,0.0,0.3170476381011757,0.0,0.0,0.006825382793707807,0.0,109230733.0,0.0,0.000032097193744914265,0.1931111091234735,0.0008939791697635134,0.0,0.0,0.3973113958687799,0.0014826230269827081,0.0,0.0,0.0,0.0,8.239439352659109e-8,0.08075389368667882,0.03454127694995876,0.000027638741561864278,0.0,0.0,0.0,0.0,0.0,0.0,0.2885291633079126,0.0,0.0,0.003316740536749854,0.0,3430200328,78865169,1.3850313691713512,0.007295690350952139,0.09305221928834008,0.8038286681835974,0.014026230007825127,0.023400081439976475,0.010738736103271793,6.915921819221641e-6,0.0012534062945354395,0.00012599985679356116,7.912238164353646e-6
benchmarks/rust-compression/benchmark.wasm,0.018518518518518517,1.0,0.3333333333333333,0.5,0.5,0.3333333333333333,0.5,0.001567398119122257,4.0444730253871574e-6,1.0,1.0,1.0,1.0,1.0,1.0,0.012958543983822042,0.0011203235591506573,0.15081900910010113,0.023267947421638017,0.0,0.0,0.3663336703741153,0.0036643073811931243,0.0,0.0,0.0,4.044489383215369e-6,4.044489383215369e-6,0.0473407482305359,0.045682507583417596,0.003187057633973711,0.0,0.0,0.0,0.0,0.0,0.0,0.33538119312436804,0.005015166835187057,0.0,0.005221435793731042,0.0,109338080.0,0.0,0.00008947477402200588,0.12005829076201081,0.000847957088692247,0.0,0.0,0.4250713383662856,0.00042675891144238127,0.0,0.0,0.0,0.0,1.2804322153818688e-7,0.06161003558869883,0.018274740145427834,7.0057934070179395e-6,0.0,0.0,0.0,0.0,0.0,0.0,0.34314502321606527,0.02568735430510578,0.0,0.004781893005620732,0.0,4067547192,70743945,1.54554683089839,0.002569401196968136,0.16219986035553996,0.15016077170418007,0.000043961359519885415,0.004252571598355062,0.09805388382270788,0.00014477719947691034,0.08914910073434805,0.00006543316180628603,0.00004674605013899069
benchmarks/rust-html-rewriter/benchmark.wasm,0.023809523809523808,1.0,0.3333333333333333,0.5,0.5,0.3333333333333333,0.5,0.0010775862068965517,4.849942770675306e-6,1.0,1.0,1.0,1.0,1.0,1.0,0.004355269730875371,0.0008099443708866224,0.18261093085403057,0.020224359440701885,0.0,0.0,0.34355706227841715,0.005436812214155111,0.0,0.0,0.0,4.849966292734265e-6,4.849966292734265e-6,0.05739935107451003,0.048931309927396006,0.0006886952135682657,0.0,0.0,0.0,0.0,0.0,0.0,0.3305931023779385,0.0008681439663994335,0.0,0.004515318618535601,0.0,110231640.0,0.0,0.0008662304216829215,0.17335414768391363,0.013541456881164066,0.0,0.0,0.3510295773518384,0.013964547746908237,0.0,0.0,0.0,0.0,4.535902758953781e-8,0.07012267076857424,0.042579335660795754,0.0014242190354783798,0.0,0.0,0.0,0.0,0.0,0.0,0.3281591655535561,0.0,0.0,0.004958603537060684,0.0,3371036801,106168674,1.03826897188148,0.05574632089890141,0.097520441858396,0.16440163463998506,0.006810813140606805,0.0014465717739482202,0.0017528443668348903,3.623023974121693e-6,0.0017265372324084323,0.016782765884407674,6.357807577025969e-6
benchmarks/rust-json/benchmark.wasm,0.03333333333333333,1.0,0.3333333333333333,0.5,0.5,0.3333333333333333,0.5,0.002257336343115124,0.000014107356986668547,1.0,1.0,1.0,1.0,1.0,1.0,0.00399243834998025,0.0011709271485807798,0.16716043112691156,0.02687489419332995,0.0,0.0,0.35257603972687773,0.008379888268156424,0.0,0.0,0.0,0.000014107556006997348,0.000014107556006997348,0.055823599119688504,0.0500112860448056,0.0011286044805597878,0.0,0.0,0.0,0.0,0.0,0.0,0.3283110433948423,0.0005925173522938886,0.0,0.003950115681959257,0.0,112968453.0,0.0,0.000568733998685456,0.1443885311946336,0.00353864277489929,0.0,0.0,0.4139460774947498,0.005665926929175528,0.0,0.0,0.0,0.0,4.691575266592347e-7,0.07206148959125784,0.014355937050850824,0.0005958123547996182,0.0,0.0,0.0,0.0,0.0,0.0,0.34460449768219803,0.0,0.0,0.00027388177122333434,0.0,1166305425,78790331,1.4337857395217695,0.022451360512199803,0.13698746867810468,0.24050342941073427,0.002825638592633911,0.007900318477534685,0.015188352420824778,0.0004557247600698758,0.0150769068627738,0.0001367426670665973,0.0000190886366500986
benchmarks/rust-protobuf/benchmark.wasm,0.045454545454545456,1.0,0.3333333333333333,0.5,0.5,0.3333333333333333,0.5,0.0028735632183908046,0.00002368153077414924,1.0,1.0,1.0,1.0,1.0,1.0,0.0033391749159285746,0.001042012030502534,0.16288542604082792,0.02687917396864491,0.0,0.0,0.3441481551650642,0.009899114289774073,0.0,0.0,0.0,0.000023682091602330316,0.000023682091602330316,0.05941836783024677,0.05122436413584048,0.0013498792213328282,0.0,0.0,0.0,0.0,0.0,0.0,0.3364514753943068,0.0,0.0,0.0033154928243262446,0.0,106168818.0,0.0,0.0006751699920027367,0.16428724863452845,0.010919722210715391,0.0,0.0,0.3483145399621949,0.014371394810103282,0.0,0.0,0.0,0.0,1.4316821347676678e-6,0.06794683350435342,0.032400125242046114,0.0011881454684745572,0.0,0.0,0.0,0.0,0.0,0.0,0.35441063307307424,0.0,0.0,0.0054847554203721095,0.0,707598544,96787688,1.096924827876868,0.02937239487954016,0.11357120132883017,0.2031568808489781,0.0036256264329818477,0.017941130992161686,0.0259767451644646,0.013295004404188578,0.02569124505060833,0.00004246407869562914,0.00001421668425430309
benchmarks/shootout/shootout-ackermann.wasm,0.05263157894736842,1.0,0.3333333333333333,0.5,0.5,0.3333333333333333,0.5,0.0136986301369863,0.00007968127490039841,1.0,1.0,1.0,1.0,1.0,1.0,0.0010359391186548729,0.004940632719738625,0.1953143676786995,0.016017212526894573,0.0,0.0,0.3554864929476452,0.004542194597179058,0.0,0.0,0.0,0.0000796876245119133,0.0000796876245119133,0.0449438202247191,0.042393816240337875,0.001832815363774006,0.0,0.0,0.0,0.0,0.0,0.0,0.31962706191728424,0.0051000079687624515,0.0,0.008606263447286636,0.0,103037297.0,0.0,9.70522353667721e-9,0.40741853893935126,0.036989237013855286,0.0,0.0,0.29634402191276427,9.70522353667721e-9,0.0,0.0,0.0,0.0,0.0,5.434925180539237e-7,1.1646268244012651e-7,0.0,0.0,0.0,0.0,0.0,0.0,0.0,0.25924752276838164,0.0,0.0,0.0,0.0,215872978,122107565,0.8438240251535603,0.0015278859309412315,0.12511897194903526,0.26537216828478966,7.591667232083451e-6,0.000011099797183981455,0.0000810718684090193,1.0924997228328203e-6,0.00006101690338625463,7.657183238401323e-6,2.6697772574532954e-6
benchmarks/shootout/shootout-base64.wasm,0.05,1.0,0.3333333333333333,0.5,0.5,0.3333333333333333,0.5,0.013157894736842105,0.00007624857033930614,1.0,1.0,1.0,1.0,1.0,1.0,0.0011438157694067409,0.00465151746225408,0.19254232118346806,0.015403385694677444,0.0,0.0,0.3526002745157847,0.0049565350007625434,0.0,0.0,0.0,0.00007625438462711606,0.00007625438462711606,0.043846271160591734,0.04140613085252402,0.0019063596156779015,0.0,0.0,0.0,0.0,0.0,0.0,0.3282751258197346,0.004880280616135428,0.0,0.008235473539728535,0.0,97699996.0,0.0,1.0235414953343498e-8,0.04713197736466642,3.0399182411430193e-6,0.0,0.0,0.26026023583460534,1.0235414953343498e-8,0.0,0.0,0.0,0.0,0.0,0.007017615435726323,0.007002610317404722,5.99795316265929e-6,0.0,0.0,0.0,0.0,0.0,0.0,0.6785725047522008,0.0,0.0,5.99795316265929e-6,0.0,223876086,49087412,1.9903268886939893,0.04567258031195125,0.044177191496671285,0.07641509433962264,0.00004318826178898981,0.000185159390909513,0.0005636312038847196,0.000015663030046726174,0.0005230902981107938,0.000013078709466288424,7.0079066299115545e-6
benchmarks/shootout/shootout-ctype.wasm,0.05,1.0,0.3333333333333333,0.5,0.5,0.3333333333333333,0.5,0.012987012987012988,0.0000795291872117067,1.0,1.0,1.0,1.0,1.0,1.0,0.0011930326890956812,0.004851666268989104,0.19390757973435138,0.01582756700866937,0.0,0.0,0.3550465282748747,0.004931201781595482,0.0,0.0,0.0,0.00007953551260637875,0.00007953551260637875,0.04469895808478486,0.04263103475701901,0.00190885230255309,0.0,0.0,0.0,0.0,0.0,0.0,0.32116439990455736,0.00509027280680824,0.0,0.008589835361488905,0.0,106000095.0,0.0,9.433953809192341e-9,0.08962289137571056,0.01886794535419992,0.0,0.0,0.23113167021218237,9.433953809192341e-9,0.0,0.0,0.0,0.0,0.0,0.018868124599322293,0.018867728373262307,0.0,0.0,0.0,0.0,0.0,0.0,0.0,0.6132078560872988,0.0,0.0,0.009433765130116158,0.0,217043637,82562034,1.2838842487819522,0.0003649624857610842,0.03039952964337095,0.2601744186046512,8.33312803315868e-6,0.00010256235106863079,0.00014219565494577027,2.7962471566910052e-6,0.00012964478469980459,8.623818545943285e-6,3.8516492943960175e-6
benchmarks/shootout/shootout-ed25519.wasm,0.058823529411764705,1.0,0.3333333333333333,0.5,0.5,0.3333333333333333,0.5,0.018867924528301886,0.000022426553038797935,1.0,1.0,1.0,1.0,1.0,1.0,0.00024669761600394716,0.00026912467200430597,0.02803382000044854,0.033281751104532506,0.0,0.0,0.3784565700060553,0.0011437798560183004,0.0,0.0,0.0,0.000022427056000358834,0.000022427056000358834,0.07811343604924982,0.022741034784363855,0.00011213528000179417,0.0,0.0,0.0,0.0,0.0,0.0,0.4569736930633116,0.0,0.0,0.0005831034560093297,0.0,92610216.0,0.0,1.9436300634478598e-7,0.011436762009063881,0.011282405388191731,0.0,0.0,0.3995078469528675,0.0003900973516787824,0.0,0.0,0.0,0.0,0.0,0.03054532342306598,0.02826076984854457,0.000012633595412411089,0.0,0.0,0.0,0.0,0.0,0.0,0.5185639670681688,0.0,0.0,0.0,0.0,813613273,68647934,1.3490604975817626,0.025325572793988827,0.0007483255067807285,0.062189877605028115,0.000044036285199784745,0.000013702220590673564,0.000170064998223903,2.6413919210936993e-6,0.0001499045657071785,0.0043623745472077865,6.3949484626878935e-6
benchmarks/shootout/shootout-fib2.wasm,0.05263157894736842,1.0,0.3333333333333333,0.5,0.5,0.3333333333333333,0.5,0.0136986301369863,0.00008079502302658157,1.0,1.0,1.0,1.0,1.0,1.0,0.0010504201680672268,0.004848093083387201,0.19513574660633484,0.015433096315449257,0.0,0.0,0.3567388493859082,0.004605688429217841,0.0,0.0,0.0,0.00008080155138978668,0.00008080155138978668,0.04500646412411118,0.0425016160310278,0.0018584356819650936,0.0,0.0,0.0,0.0,0.0,0.0,0.318923723335488,0.005171299288946348,0.0,0.00856496444731739,0.0,98566777.0,0.0,0.0,0.18400843115728538,0.035758265688245035,0.0,0.0,0.35435838588898977,0.0,0.0,0.0,0.0,0.0,0.0,0.0,0.0,0.0,0.0,0.0,0.0,0.0,0.0,0.0,0.4258749172654798,0.0,0.0,0.0,0.0,212668446,114191614,0.8631700135178052,0.08021986983072552,0.09267746228720439,0.25821596244131456,5.5958575031613096e-6,0.000010370794804750343,0.00005472356208311562,1.0127729301514007e-6,0.00005160460258615048,6.121290132566127e-6,2.784792935845534e-6
benchmarks/shootout/shootout-gimli.wasm,0.06666666666666667,1.0,0.3333333333333333,0.5,0.5,0.3333333333333333,0.5,0.022222222222222223,0.0001529753709652746,1.0,1.0,1.0,1.0,1.0,1.0,0.0016829865361077112,0.0016829865361077112,0.1839045287637699,0.014075887392900856,0.0,0.0,0.36031211750305997,0.005048959608323134,0.0,0.0,0.0,0.0001529987760097919,0.0001529987760097919,0.05324357405140759,0.05982252141982864,0.0004589963280293758,0.0,0.0,0.0,0.0,0.0,0.0,0.31548347613219097,0.0,0.0,0.00397796817625459,0.0,99506086.0,0.0,0.0,0.029847470837110406,2.0099273123856967e-8,0.0,0.0,0.4983418702651012,1.0049636561928484e-8,0.0,0.0,0.0,0.0,0.0,1.205956387431418e-7,1.205956387431418e-7,0.0,0.0,0.0,0.0,0.0,0.0,0.0,0.47181038755760124,0.0,0.0,0.0,0.0,102688903,69534500,1.4310318762628622,0.04084815360622666,0.008041245712559953,0.9990938996176976,0.007602542622726848,0.00003985447198743597,0.00011865941503868704,3.288322771240592e-6,0.00011212204601888412,0.0000101676146373383,4.501362632937607e-6
benchmarks/shootout/shootout-heapsort.wasm,0.06666666666666667,1.0,0.3333333333333333,0.5,0.5,0.3333333333333333,0.5,0.022222222222222223,0.00015386982612709647,1.0,1.0,1.0,1.0,1.0,1.0,0.001692828562634657,0.001692828562634657,0.18959679901508156,0.014619883040935672,0.0,0.0,0.3518005540166205,0.0050784856879039705,0.0,0.0,0.0,0.0001538935056940597,0.0001538935056940597,0.053401046475838716,0.05909510618651893,0.0004616805170821791,0.0,0.0,0.0,0.0,0.0,0.0,0.3165589412126808,0.001692828562634657,0.0,0.0040012311480455524,0.0,101363632.0,0.0,0.0,0.14346314070513969,4.3408073617567294e-7,0.0,0.0,0.39834717051180646,9.86547127671984e-9,0.0,0.0,0.0,0.0,0.0,0.05221020493819716,0.020605546178534724,0.0,0.0,0.0,0.0,0.0,0.0,0.0,0.3487250239809876,0.03664846973912695,0.0,0.0,0.0,101582280,48603529,2.0855200041132815,0.13990481305508487,0.14775567016954674,0.29312762973352036,0.00001466971667839181,0.004432942150310805,0.0025469039332976858,5.012412882473955e-6,0.0004328165405435776,0.000017385568854475566,6.810205077906997e-6
benchmarks/shootout/shootout-keccak.wasm,0.06666666666666667,1.0,0.3333333333333333,0.5,0.5,0.3333333333333333,0.5,0.021739130434782608,0.00006141751627564181,1.0,1.0,1.0,1.0,1.0,1.0,0.0006756341748049874,0.0006756341748049874,0.07339843989926909,0.005712179841533075,0.0,0.0,0.37344143480130215,0.002026902524414962,0.0,0.0,0.0,0.00006142128861863522,0.00006142128861863522,0.02211166390270868,0.024445672870216817,0.0002456851544745409,0.0,0.0,0.0,0.0,0.0,0.0,0.49554695657514897,0.0,0.0,0.0015969535040845158,0.0,100580015.0,0.0,0.0,0.00019889637121251174,0.00009944321443976719,0.0,0.0,0.3870550426941177,9.942332977381242e-9,0.0,0.0,0.0,0.0,0.0,0.0024855931866782878,0.0024855832443453105,0.0,0.0,0.0,0.0,0.0,0.0,0.0,0.6076754313468734,0.0,0.0,0.0,0.0,336833521,99717705,1.008647511492568,0.02606471238938053,0.0002900989347879597,0.24088748019017434,6.327863241537699e-6,9.529441581481794e-6,0.00005519843548560029,1.148939765143195e-6,0.000052539662676869805,0.000014170001204901376,3.630248008615922e-6
benchmarks/shootout/shootout-matrix.wasm,0.05,1.0,0.3333333333333333,0.5,0.5,0.3333333333333333,0.5,0.013157894736842105,0.00007469933517591694,1.0,1.0,1.0,1.0,1.0,1.0,0.0011952786493351262,0.0045569998505901686,0.18205587927685643,0.016584491259524877,0.0,0.0,0.35596892275511727,0.0046317047661736145,0.0,0.0,0.0,0.00007470491558344539,0.00007470491558344539,0.05886747347975497,0.04497235918123413,0.001718213058419244,0.0,0.0,0.0,0.0,0.0,0.0,0.3165994322426416,0.004781114597340505,0.0,0.007918721051845212,0.0,100019558.0,0.0,9.998044582440566e-9,0.002076393898881257,5.99882674946434e-8,0.0,0.0,0.3456317513420725,9.998044582440566e-9,0.0,0.0,0.0,0.0,0.0,0.3226320996139575,0.01597189621653797,0.0,0.0,0.0,0.0,0.0,0.0,0.0,0.3136877789441941,0.0,0.0,0.0,0.0,237081344,110079121,0.908615158727512,0.09070766570293712,0.0016810181469381464,0.2549019607843137,6.022940535653442e-6,5.019810333957633e-6,0.000066241815243188,4.1703039697494183e-7,0.00006100689975284487,6.849618648390189e-6,2.9796749557983844e-6
benchmarks/shootout/shootout-memmove.wasm,0.05,1.0,0.3333333333333333,0.5,0.5,0.3333333333333333,0.5,0.014084507042253521,0.00008026326350429408,1.0,1.0,1.0,1.0,1.0,1.0,0.0012040455931931289,0.00473591266655964,0.19521592550971265,0.015331513886659175,0.0,0.0,0.3569593835286563,0.004495103547921014,0.0,0.0,0.0,0.00008026970621287526,0.00008026970621287526,0.045031305185423025,0.042141595761759514,0.0023278214801733827,0.0,0.0,0.0,0.0,0.0,0.0,0.31883127307754056,0.005137261197624017,0.0,0.008428319152351902,0.0,99996522.0,0.0,0.0,0.16667084681205213,2.5300879964605168e-6,0.0,0.0,0.39999395178964325,1.0000347812096905e-8,0.0,0.0,0.0,0.0,0.0,0.04999925897422712,0.0,0.049996738886578476,0.0,0.0,0.0,0.0,0.0,0.0,0.33333666344915475,0.0,0.0,0.0,0.0,215330368,6404734015,0.015612907853129635,0.0010362320650567694,0.6717679018244133,0.00001910012988088319,0.0015613344717485508,9.595658890426427e-8,2.0539396438838075e-7,9.118984690686021e-9,1.9054368794074832e-7,1.4130173054501155e-7,6.776237685804974e-8
benchmarks/shootout/shootout-minicsv.wasm,0.06666666666666667,1.0,0.3333333333333333,0.5,0.5,0.3333333333333333,0.5,0.021739130434782608,0.00015042117930204573,1.0,1.0,1.0,1.0,1.0,1.0,0.0018053257108469987,0.0016548819016097489,0.1954265081991876,0.015044380923724988,0.0,0.0,0.34887919362118247,0.004964645704829246,0.0,0.0,0.0,0.00015044380923724988,0.00015044380923724988,0.05310666466074921,0.05837219798405296,0.0007522190461862494,0.0,0.0,0.0,0.0,0.0,0.0,0.3157815555889875,0.0,0.0,0.003911539040168497,0.0,101355013.0,0.0,0.0,0.2552908261182898,0.0034038868901333967,0.0,0.0,0.3192244867059511,9.86631021398024e-9,0.0,0.0,0.0,0.0,0.0,0.045582353188588706,0.008731684539372512,0.0004439839596291108,0.0,0.0,0.0,0.0,0.0,0.0,0.3673227687317252,0.0,0.0,0.0,0.0,106129079,91608135,1.106397515897469,0.08192347421881725,0.07608712916161867,0.19321088708959738,0.02882570418009274,0.000019068753262754327,0.0001350661636610045,2.0814484195260003e-6,0.00012631187527556903,9.420560739502011e-6,3.613216228012938e-6
benchmarks/shootout/shootout-nestedloop.wasm,0.05263157894736842,1.0,0.3333333333333333,0.5,0.5,0.3333333333333333,0.5,0.013888888888888888,0.00008007687379884689,1.0,1.0,1.0,1.0,1.0,1.0,0.0010410827260350765,0.004804997197084968,0.19524305277488588,0.015295907744053816,0.0,0.0,0.35653079202370463,0.00456474733723072,0.0,0.0,0.0,0.00008008328661808281,0.00008008328661808281,0.04540722351245295,0.04260430848082005,0.0018419155922159045,0.0,0.0,0.0,0.0,0.0,0.0,0.31889164731320574,0.0051253303435573,0.0,0.008488828381516777,0.0,109946684.0,0.0,9.095317508620815e-9,0.11889490000444215,2.7285952525862444e-8,0.0,0.0,0.354218040809671,9.095317508620815e-9,0.0,0.0,0.0,0.0,0.0,0.10360137828258649,0.10360136009195148,0.0,0.0,0.0,0.0,0.0,0.0,0.0,0.31968427533476135,0.0,0.0,0.0,0.0,215016662,45077401,2.4390643994759147,0.007984799088246855,0.15301416778664767,0.25039619651347067,0.000013998145101577618,0.00011700216017421097,0.00008402179163928796,0.000011787531062327225,0.00007963652067690342,0.000013510095668559064,6.899244257671378e-6
benchmarks/shootout/shootout-random.wasm,0.05263157894736842,1.0,0.3333333333333333,0.5,0.5,0.3333333333333333,0.5,0.013888888888888888,0.00008033419023136246,1.0,1.0,1.0,1.0,1.0,1.0,0.0010444283763155781,0.004820438659918052,0.19474572186068934,0.015264722423073833,0.0,0.0,0.3557483731019523,0.00457941672692215,0.0,0.0,0.0,0.00008034064433196755,0.00008034064433196755,0.04507110147023379,0.04250020085161083,0.0018478348196352536,0.0,0.0,0.0,0.0,0.0,0.0,0.3203181489515546,0.005382823170241825,0.0,0.008516108299188559,0.0,99975064.0,0.0,1.0002494221959188e-8,0.0322581438907606,3.000748266587756e-8,0.0,0.0,0.12903235550816952,1.0002494221959188e-8,0.0,0.0,0.0,0.0,0.0,2.0004988443918376e-8,4.000997688783675e-8,0.0,0.0,0.0,0.0,0.0,0.0,0.0,0.8387093605661508,3.000748266587756e-8,0.0,0.0,0.0,214081326,87136270,1.147341560523534,0.0002658508959793452,0.03712456362889988,0.28923076923076924,7.459580264337686e-6,0.0000161852672559343,0.08636241850495668,2.1683611634744516e-6,0.08118245958738948,8.526874056004463e-6,3.695361300179592e-6
benchmarks/shootout/shootout-ratelimit.wasm,0.05,1.0,0.3333333333333333,0.5,0.5,0.3333333333333333,0.5,0.013157894736842105,0.00007757951900698215,1.0,1.0,1.0,1.0,1.0,1.0,0.0011637830708355963,0.004732717821398091,0.19070525254092638,0.01559469314919699,0.0,0.0,0.3571262316704166,0.005043059973620917,0.0,0.0,0.0,0.00007758553805570642,0.00007758553805570642,0.04507719761036543,0.04243928931647141,0.0017844673752812476,0.0,0.0,0.0,0.0,0.0,0.0,0.3229110093878501,0.004965474435565211,0.0,0.008301652571960586,0.0,100221599.0,0.0,9.977889097538745e-9,0.02755594629856185,0.0030333181972081688,0.0,0.0,0.42239493704346104,9.977889097538745e-9,0.0,0.0,0.0,0.0,0.0,0.03639935938359954,0.012389514958746567,0.0,0.0,0.0,0.0,0.0,0.0,0.0,0.49519362587699284,0.0,0.0,0.0030332782856517786,0.0,220658226,53627965,1.868830916854667,0.011696761299669236,0.034186044538516425,0.0005645823075660594,0.005680804781609744,0.001847127108796193,0.00045863974748487136,3.192708704707436e-6,0.00041984242745593965,0.000013444478081538242,6.6196806088017695e-6
benchmarks/shootout/shootout-seqhash.wasm,0.05,1.0,0.3333333333333333,0.5,0.5,0.3333333333333333,0.5,0.014084507042253521,0.0000667913438418381,1.0,1.0,1.0,1.0,1.0,1.0,0.0010687328835749116,0.003940952508182486,0.16244739830338656,0.012958386213345802,0.0,0.0,0.3803353149422216,0.00374056509251219,0.0,0.0,0.0,0.00006679580522343197,0.00006679580522343197,0.04027787054972948,0.038875158640037405,0.0016030993253623672,0.0,0.0,0.0,0.0,0.0,0.0,0.3432636430432169,0.004274931534299646,0.0,0.007080355353683789,0.0,109823391.0,0.0,0.0,0.003493572694363444,4.552764173890788e-8,0.0,0.0,0.5083861233168442,9.105528347781576e-9,0.0,0.0,0.0,0.0,0.0,0.01937995158062457,0.032699527553287804,0.0,0.0,0.0,0.0,0.0,0.0,0.0,0.4360407702217099,0.0,0.0,0.0,0.0,255221540,73053760,1.5033229090467075,0.041508178574372626,0.004649562185437136,0.23672230652503792,9.020754031004017e-6,0.000018158987011127663,0.00009372455691644498,1.5181146697405764e-6,0.00008631775302639158,0.000010266412023145694,4.394024345906357e-6
benchmarks/shootout/shootout-sieve.wasm,0.05263157894736842,1.0,0.3333333333333333,0.5,0.5,0.3333333333333333,0.5,0.013888888888888888,0.00008054123711340206,1.0,1.0,1.0,1.0,1.0,1.0,0.0010471204188481676,0.004832863471606927,0.19565042287555376,0.01522351993556182,0.0,0.0,0.35626258558195734,0.004591220298026581,0.0,0.0,0.0,0.00008054772452678212,0.00008054772452678212,0.04502617801047121,0.04244865082561418,0.0019331453886427708,0.0,0.0,0.0,0.0,0.0,0.0,0.3191300845751108,0.0051550543697140554,0.0,0.008538058799838905,0.0,95321224.0,0.0,1.0490843046665033e-8,0.14264126528631232,3.1472529139995096e-8,0.0,0.0,0.3074365159222043,1.0490843046665033e-8,0.0,0.0,0.0,0.0,0.0,0.02431835117853711,0.055488922383120046,2.9689085822062043e-6,0.0,0.0,0.0,0.0,0.0,0.0,0.4701119238670288,0.0,0.0,0.0,0.0,213478403,56180524,1.6966951750040637,0.02956902337578694,0.22330621195345204,0.13210702341137123,0.000021288516283685783,0.00012252943598329658,0.0001415978536967407,0.000010710615033504945,0.00013621739771753184,0.000011035852922980924,5.535726224269464e-6
benchmarks/shootout/shootout-switch.wasm,0.05,1.0,0.3333333333333333,0.5,0.5,0.3333333333333333,0.5,0.013513513513513514,0.00003925725277745064,1.0,1.0,1.0,1.0,1.0,1.0,0.0005888819095477386,0.0024340452261306534,0.39824120603015073,0.007891017587939699,0.0,0.0,0.2776381909547739,0.0024340452261306534,0.0,0.0,0.0,0.00003925879396984925,0.00003925879396984925,0.022220477386934674,0.02131752512562814,0.0009029522613065327,0.0,0.0,0.0,0.0,0.0,0.0,0.2595398869346734,0.002512562814070352,0.0,0.004200690954773869,0.0,99974763.0,0.0,1.0002524337066945e-8,0.9926558465559954,2.400605840896067e-7,0.0,0.0,0.0038648053609289376,1.0002524337066945e-8,0.0,0.0,0.0,0.0,0.0,0.0003869176464064236,0.00038629748989752545,0.0,0.0,0.0,0.0,0.0,0.0,0.0,0.002705872881139013,0.0,0.0,0.0,0.0,438989402,760139,131.52168616529346,0.018836074685550774,0.06390541729867827,0.9834918219855459,0.05187866955912011,0.006144995750800811,0.019499754781755762,0.0005120829792334009,0.017832270720941637,0.0016273339481331704,0.0005762104036235478
benchmarks/shootout/shootout-xblabla20.wasm,0.05,1.0,0.3333333333333333,0.5,0.5,0.3333333333333333,0.5,0.013888888888888888,0.00007396449704142012,1.0,1.0,1.0,1.0,1.0,1.0,0.0011095495228937052,0.004364228123381907,0.18041275242251645,0.01427620386123234,0.0,0.0,0.3678526518233597,0.0041423182188031656,0.0,0.0,0.0,0.00007396996819291368,0.00007396996819291368,0.046822989866114356,0.04630520008876396,0.0019971891412086692,0.0,0.0,0.0,0.0,0.0,0.0,0.3200680523707375,0.004734077964346476,0.0,0.007766846660255936,0.0,97997381.0,0.0,0.0,0.014349822267188957,0.00010554363692637868,0.0,0.0,0.4833552337485427,1.0204354338816463e-8,0.0,0.0,0.0,0.0,0.0,0.02331839868251173,0.022896326178349604,0.0005275651193168111,0.0,0.0,0.0,0.0,0.0,0.0,0.4554471001628094,0.0,0.0,0.0,0.0,233559598,63378521,1.5462238539772803,0.07776195879827123,0.01802011126135304,0.27076923076923076,0.000010255840460524473,0.00001738704801378287,0.00010216785042626698,2.1275290818552876e-6,0.00009575608203531812,0.00001296969362854018,5.3172588233796115e-6
benchmarks/shootout/shootout-xchacha20.wasm,0.05,1.0,0.3333333333333333,0.5,0.5,0.3333333333333333,0.5,0.013888888888888888,0.00007392622163081245,1.0,1.0,1.0,1.0,1.0,1.0,0.0011089753068165016,0.0043619695401449065,0.17876681945882006,0.01426881561437232,0.0,0.0,0.37394647345852433,0.0041401744787816054,0.0,0.0,0.0,0.0000739316871211001,0.0000739316871211001,0.046133372763566466,0.045024397456749965,0.0017004288037853023,0.0,0.0,0.0,0.0,0.0,0.0,0.31790625462073047,0.004731627975750406,0.0,0.007762827147715511,0.0,95312792.0,0.0,0.0,0.00509842372469794,0.00006539520949087295,0.0,0.0,0.5107849426968838,1.0491771136029673e-8,0.0,0.0,0.0,0.0,0.0,0.010098717913960595,0.010588924936749308,0.0,0.0,0.0,0.0,0.0,0.0,0.0,0.4633635850264464,0.0,0.0,0.0,0.0,231187266,59984454,1.5889582324113511,0.03479988113299029,0.006395357037008289,0.275808936825886,0.000010819469991341422,0.000022451606517538957,0.00011555769446897892,3.0572400364308366e-6,0.00010674994336616041,0.000013536840728766157,5.584780349921998e-6
benchmarks/spidermonkey/spidermonkey-markdown.wasm,0.007042253521126761,1.0,0.007194244604316547,0.5,0.5,0.3333333333333333,0.5,0.00007123521869212138,3.1898150481438784e-7,1.0,1.0,1.0,1.0,1.0,1.0,0.004755377790650457,0.001228717148483067,0.15745952841121322,0.02441676605601891,0.0,0.0,0.3392985020304774,0.016150995685135807,0.0,0.0,0.0,3.189816065636207e-7,3.189816065636207e-7,0.08314925436454558,0.05036432484193664,0.00003221714226292569,0.0,0.0,0.0,0.0,0.0,0.0,0.3143608390109401,0.00457674809097483,0.0,0.004206091464147903,0.0,288601375.0,0.0,0.0002762772699887518,0.2522211233401088,0.006536202400283089,0.0,0.0,0.3400727941784754,0.00708130721830414,0.0,0.0,0.0,0.0,0.0,0.04240866835786905,0.015482310158778696,0.00011480194784241759,0.0,0.0,0.0,0.0,0.0,0.0,0.32803178086036494,0.00025001959883247263,0.0,0.007524714669152217,0.0,52406939810,210141973,1.3733637829697163,0.040612725801076895,0.09477893785645573,0.14842568993022814,0.00682785537566072,0.0017609080202382699,0.0025617318417838005,0.00001093072537121327,0.0002841926753412575,0.001003521557304499,0.000012829421754786702
benchmarks/spidermonkey/spidermonkey-json.wasm,0.007042253521126761,1.0,0.007194244604316547,0.5,0.5,0.3333333333333333,0.5,0.00007123521869212138,3.1898343806091246e-7,1.0,1.0,1.0,1.0,1.0,1.0,0.004755406611508033,0.0012284056118136192,0.1574592067900112,0.024416276071322168,0.0,0.0,0.33929992044550517,0.016151093571269537,0.0,0.0,0.0,3.1898353981137867e-7,3.1898353981137867e-7,0.08314912033909226,0.05036463008435839,0.000032217337520949246,0.0,0.0,0.0,0.0,0.0,0.0,0.3143601923853525,0.004576775829213661,0.0,0.004206116955952839,0.0,110967070.0,0.0,0.00006196432869679266,0.1719260497731444,0.002180367563097773,0.0,0.0,0.3447187530498913,0.013565646096630288,0.0,0.0,0.0,0.0,9.912850722290856e-8,0.05911541144593617,0.028985328710580537,0.000035361842031153925,0.0,0.0,0.0,0.0,0.0,0.0,0.3781188599464688,0.0004354715322302373,0.0,0.0008566865827853254,0.0,52407704932,57352072,1.9348397735307628,0.017947877326996757,0.1629575301132974,0.5512555391432792,0.0018886850330359468,0.0062489950120473625,0.012036065704859555,0.00004301036121386304,0.009685186177932821,0.00012309930145156742,0.00004763559370618728
benchmarks/spidermonkey/spidermonkey-regex.wasm,0.007042253521126761,1.0,0.007194244604316547,0.5,0.5,0.3333333333333333,0.5,0.00007123521869212138,3.1898343806091246e-7,1.0,1.0,1.0,1.0,1.0,1.0,0.004755406611508033,0.0012284056118136192,0.1574592067900112,0.024416276071322168,0.0,0.0,0.33929992044550517,0.016151093571269537,0.0,0.0,0.0,3.1898353981137867e-7,3.1898353981137867e-7,0.08314912033909226,0.05036463008435839,0.000032217337520949246,0.0,0.0,0.0,0.0,0.0,0.0,0.3143601923853525,0.004576775829213661,0.0,0.004206116955952839,0.0,107191034.0,0.0,0.0009408436157076346,0.5685752504262623,0.003368649284603412,0.0,0.0,0.16708857384471168,0.009432281435031217,0.0,0.0,0.0,0.0,0.0,0.04934608616612468,0.010832557133463233,0.00002489947060311033,0.0,0.0,0.0,0.0,0.0,0.0,0.18900790713521803,0.00029618148846292496,0.0,0.001086769999811738,0.0,52407899081,43580349,2.4596185312788568,0.03738881368567673,0.05848163354543122,0.9476397093919922,0.019133348381400066,0.0006446004335362855,0.0017091538907432757,0.00003464890768501332,0.00046032714226346236,0.0012778236356023674,0.00009921903103621314
benchmarks/splay/splay.wasm,0.05,1.0,0.125,0.5,1.0,0.16666666666666666,1.0,0.05,0.001122334455667789,1.0,1.0,1.0,1.0,1.0,1.0,0.006741573033707865,0.006741573033707865,0.18764044943820224,0.0449438202247191,0.0,0.0,0.30337078651685395,0.05393258426966292,0.0,0.0,0.0,0.0,0.0,0.0033707865168539327,0.006741573033707865,0.0,0.08876404494382023,0.0,0.008988764044943821,0.04044943820224719,0.03146067415730337,0.0,0.20112359550561798,0.015730337078651686,0.0,0.0,0.0,110185113.0,0.0,0.0002450421773402365,0.10476813687162984,0.01837857170414664,0.0,0.0,0.30696586026099554,0.008332486803366984,0.0,0.0,0.0,0.0,0.0,0.0,0.0,0.0,0.15848189038023675,0.0,0.02474917823063811,0.04431438936764534,0.09775385899908275,0.0,0.2161309032736573,0.019879681931260534,0.0,0.0,0.0,36419861,50547949717,0.0021798136940644926,0.012804703588566514,0.18654972379282586,0.000025709036372246998,0.002754822891524085,0.022379660659919063,0.01780410375777456,0.010885666970135172,0.017782471743686752,1.6993765420936667e-8,1.0900541032521657e-8
benchmarks/sqlite3/sqlite3.wasm,0.011111111111111112,1.0,0.5,0.5,0.5,0.002336448598130841,0.5,0.0003901677721420211,2.874595759971254e-6,1.0,1.0,1.0,1.0,1.0,1.0,0.0018742418231888556,0.0072468767427286895,0.16170797472648143,0.04412517175759039,0.0,0.0,0.36097265101732234,0.005892938247756371,0.0,0.0,0.0,5.749208046591582e-6,2.874604023295791e-6,0.07858017558081375,0.042900590443666384,0.0,0.0,0.0,0.0,0.0,0.0,0.0,0.2856235303586931,0.005947555724198992,0.0,0.005119669765489804,0.0,459060963.0,0.0,0.0007448531405620739,0.29755940062365965,0.005676233027899608,0.0,0.0,0.33522736717650287,0.0023289107246524904,0.0,0.0,0.0,2.9625694833912507e-7,0.0,0.06447379626134754,0.03576631498505352,0.0,0.0,0.0,0.0,0.0,0.0,0.0,0.2567674720797377,0.00014690205753783512,0.0,0.001308453666098374,0.0,8216876992,283727394,1.617964894147655,0.0359937068517843,0.09670135693700412,0.4526955206247447,0.004254157425489905,0.0011382507566877584,0.0014307045763781332,0.0000124226505425088,0.0003840026424571165,0.0017057041732107122,7.870230535441354e-6
benchmarks/tinygo/tinygo-json.wasm,0.020833333333333332,1.0,0.25,0.5,0.5,0.02564102564102564,0.5,0.002824858757062147,4.48694075892116e-6,1.0,1.0,1.0,1.0,1.0,1.0,0.003136385663262559,0.012917960407057092,0.1854146849256062,0.012446829513433962,0.0,0.0,0.32439381158353825,0.07384191539386542,0.0,0.0,0.0,0.000017947843566595472,4.486960891648868e-6,0.051245580343521724,0.034464346608754956,0.002898576736005169,0.0,0.0,0.0,0.0,0.0,0.0,0.2794568982536748,0.0009646965917045067,0.0,0.01879587917511711,0.0,107065881.0,0.0,0.004820368498158625,0.22686770774342202,0.004718440602006535,0.0,0.0,0.3332957209776287,0.06800312043385698,0.0,0.0,0.0,3.736017452656089e-8,1.8680087263280446e-8,0.034229111699926144,0.00703550928610021,0.00019891490922304184,0.0,0.0,0.0,0.0,0.0,0.0,0.30812257548228644,0.0,0.0,0.01270847432712948,0.0,6137268905,120053827,0.8918156436612387,0.006078442822932226,0.14206697467461823,0.133368649699621,0.0043869322050016785,0.0011451619161848877,0.0019800917774034366,0.00034150725523612277,0.0014543479982634317,0.0015973085139551612,4.539630377630527e-6
benchmarks/tinygo/tinygo-regex.wasm,0.025,1.0,0.25,0.5,0.5,0.002967359050445104,0.5,0.004032258064516129,5.939547287705731e-6,1.0,1.0,1.0,1.0,1.0,1.0,0.0027500267281215475,0.01188510471484064,0.18946080469464607,0.011819769306613132,0.0,0.0,0.3244556372578135,0.07176797614663641,0.0,0.0,0.0,0.000023758330264549007,5.939582566137252e-6,0.049583635262113776,0.03604138701132084,0.003017307943597724,0.0,0.0,0.0,0.0,0.0,0.0,0.2810669866121809,0.0002494624677777646,0.0,0.01787220394150699,0.0,116633608.0,0.0,0.0027789160050677676,0.22587507538993393,0.0027773812844750544,0.0,0.0,0.36405311237563703,0.057204498037992615,0.0,0.0,0.0,0.0,0.0,0.07217868969636951,0.020380686499898038,0.001189502771791129,0.0,0.0,0.0,0.0,0.0,0.0,0.2446198697720129,0.0,0.0,0.008942268166822037,0.0,4529382309,140112099,0.8324306668191446,0.02759478424260361,0.10369589852479479,0.4395118983169403,0.005958857271847737,0.000011155413263146825,0.000055918099698656105,1.9039873840819526e-6,0.000051168645717840765,0.000032837992099454595,3.8040968895912406e-6
benchmarks/tract-onnx-image-classification/benchmark.wasm,0.008849557522123894,1.0,0.5,0.5,0.5,0.3333333333333333,0.5,0.000059523809523809524,1.871318765116747e-7,1.0,1.0,1.0,1.0,1.0,1.0,0.003781187404375593,0.0016351586429493186,0.13015922680088265,0.022186920826733816,0.0,0.0,0.3725871211327319,0.004878903197410693,0.0,0.0,0.0,1.8713191153002044e-7,1.8713191153002044e-7,0.07111162343670001,0.04745777555548237,0.00201522355526679,0.0,0.0,0.0,0.0,0.0,0.0,0.32527699265544674,0.010623478617559261,0.0,0.008286013910637775,0.0,6592276231.0,0.0,0.00005725928143377279,0.054607669245891464,0.0015017961403747495,0.0,0.0,0.49042214217251906,0.000398511365110301,0.0,0.0,0.0,0.0,1.516926726003269e-10,0.07213758288278864,0.013178820479557056,0.000014926558983872167,0.0,0.0,0.0,0.0,0.0,0.0,0.21484911271461554,0.15122707757784187,0.0,0.0016051014291910061,0.0,93581003332,4100980962,1.607487645537624,0.016601157218555186,0.03763938370606852,0.41684805084823284,0.002532422143928987,0.010135515303814974,0.006642214917483301,0.0004419029697276612,0.0011854436685146141,6.8220263052272125e-6,1.690571125357982e-6
benchmarks/richards/benchmark.wasm,0.06666666666666667,1.0,0.3333333333333333,0.5,0.5,0.3333333333333333,0.5,0.02040816326530612,0.00013933398355858994,1.0,1.0,1.0,1.0,1.0,1.0,0.0015328874024526198,0.0015328874024526198,0.18046265328874025,0.014632107023411372,0.0,0.0,0.3450390189520624,0.00459866220735786,0.0,0.0,0.0,0.00013935340022296544,0.00013935340022296544,0.06131549609810479,0.07037346711259755,0.0004180602006688963,0.0,0.0,0.0,0.0,0.0,0.0,0.31424191750278707,0.0,0.0,0.005574136008918618,0.0,112587626.0,0.0,0.0,0.17814463021007299,0.007308218755762734,0.0,0.0,0.28627995051605404,3.8192474188948615e-7,0.0,0.0,0.0,0.0,0.0,0.13847209994462448,0.08357000972735672,0.0,0.0,0.0,0.0,0.0,0.0,0.0,0.3011484228293436,0.0,0.0,0.005076286092043543,0.0,112007524,78282926,1.438214330414783,0.08475798023274725,0.14122177804135733,0.5402944548068703,0.01051938196587082,0.00001592950476846465,0.00008217477000736965,1.2575924817208932e-6,0.00007721232227918663,0.00001053869652240643,4.2154786089625725e-6
benchmarks/gcc-loops/benchmark.wasm,0.018867924528301886,1.0,0.01098901098901099,0.5,0.5,0.3333333333333333,0.5,0.0014184397163120568,9.856295215754302e-6,1.0,1.0,1.0,1.0,1.0,1.0,0.0011630542988655293,0.004593078841282514,0.17759247760134836,0.02405945375873523,0.0,0.0,0.3434164227209557,0.014981716392166139,0.0,0.0,0.0,9.856392363267197e-6,9.856392363267197e-6,0.06920173078249899,0.042362774377322415,0.000896931705057315,0.0,0.0,0.0,0.0,0.0,0.0,0.30950057659895325,0.0033708861882373814,0.0,0.008841183949850676,0.0,101612201.0,0.0,8.758790688925241e-7,0.02648364048329196,0.00009580542399627777,0.0,0.0,0.31840742235275465,1.2400085694433487e-6,0.0,0.0,0.0,0.0,0.0,0.10661926317293334,0.05177442224679298,0.000011307697192781013,0.0,0.0,0.0,0.0,0.0,0.0,0.47730726746092234,0.011579081925407757,0.0,0.007719673349069567,0.0,1972820359,55033661,1.8463645549584644,0.004073502150446489,0.049304188576515015,0.048879837067209775,0.00006245268691101615,0.00013001751586239768,0.0010084359049303,7.5611790641902385e-6,0.0005479595461635785,0.00001762557646310319,8.612910560320529e-6
benchmarks/quicksort/benchmark.wasm,0.05263157894736842,1.0,0.3333333333333333,0.5,0.5,0.3333333333333333,0.5,0.013513513513513514,0.00007871536523929471,1.0,1.0,1.0,1.0,1.0,1.0,0.0010233803038652287,0.004723293710147209,0.19609541053294496,0.01535070455797843,0.0,0.0,0.35629378886877117,0.004723293710147209,0.0,0.0,0.0,0.00007872156183578682,0.00007872156183578682,0.04510745493190585,0.04235220026765331,0.0018105959222230968,0.0,0.0,0.0,0.0,0.0,0.0,0.319058490120444,0.005038179957490356,0.0,0.008265763992757616,0.0,109169750.0,0.0,2.15261095678977e-6,0.11942800088852452,0.0009270333585997953,0.0,0.0,0.49902134977867035,5.285346902415733e-6,0.0,0.0,0.0,0.0,0.0,0.0379365712571477,0.01562597697622281,1.2824065274492246e-6,0.0,0.0,0.0,0.0,0.0,0.0,0.3270488757187774,0.0,0.0,3.471657670737544e-6,0.0,216961589,43311402,2.5205776067927794,0.25704820445135845,0.15373150469707722,0.2137006701414743,0.00003100800108017746,0.0000674906098808484,0.0005238121533886071,9.110302711188902e-6,0.0004847629040019564,0.00002710602626070613,0.000011752101675212453
benchmarks/hashset/benchmark.wasm,0.047619047619047616,1.0,0.2,0.5,0.5,0.3333333333333333,0.5,0.011235955056179775,7.368925242253418e-6,1.0,1.0,1.0,1.0,1.0,1.0,0.0002210693863113836,0.0005674114248658845,0.03051494429051465,0.08414637740965632,0.0,0.0,0.35555326298414197,0.0005747804044095974,0.0,0.0,0.0,7.368979543712787e-6,7.368979543712787e-6,0.009321759122796675,0.08791929493603726,0.0001768555090491069,0.0,0.0,0.0,0.0,0.0,0.0,0.42941254495077524,0.0005821493839533101,0.0,0.0009948122384012261,0.0,101089870.0,0.0,0.00010415484756286659,0.12359596465996049,0.006431267544413698,0.0,0.0,0.38860309148681266,0.0016403819690340882,0.0,0.0,0.0,0.0,0.0,0.045083320415784486,0.030640528076651005,0.0007269867890818338,0.0,0.0,0.0,0.0,0.0,0.0,0.3923352953169294,1.4838282015794461e-7,0.0,0.010838860510949316,0.0,1241160809,77447375,1.305271740972499,0.12983201413710121,0.0700788244921148,0.0011717294862677368,0.0019063912753660146,0.000017287824245924615,0.00014298877353228495,3.161586535246914e-6,0.0001355928024875116,0.0028545447796003414,5.668365131807243e-6
benchmarks/wat-bytecode-interp/wat-bytecode-interp.wasm,0.1,1.0,0.07692307692307693,0.5,1.0,0.16666666666666666,1.0,0.1111111111111111,0.0014947683109118087,0.3333333333333333,0.25,1.0,0.5,0.1111111111111111,0.1111111111111111,0.014970059880239521,0.0,0.22005988023952097,0.03293413173652695,0.0,0.0,0.27095808383233533,0.07634730538922156,0.0,0.0,0.0,0.0014970059880239522,0.0014970059880239522,0.06437125748502993,0.02245508982035928,0.0014970059880239522,0.0,0.0,0.0,0.0,0.0,0.0,0.2934131736526946,0.0,0.0,0.0,0.0,102940778.0,0.0,0.0,0.4764150704203926,0.010613218796539502,0.0,0.0,0.24764150315630992,0.018867994178167178,0.0,0.0,0.0,0.0,0.0,0.06721695847295811,0.02358490043663746,0.0,0.0,0.0,0.0,0.0,0.0,0.0,0.15566035453899524,0.0,0.0,0.0,0.0,25036072,59431580,1.7320888658857798,0.07114614387481295,0.028920180146649307,0.9997982310213628,0.04086245056920917,0.000023524118302572454,0.0006264262289014851,1.7479221029775198e-6,0.00040710345053819244,0.00001127346774223401,5.586255657345809e-6
benchmarks/dart-deltablue/dart-deltablue.wasm,0.022222222222222223,0.5,0.013888888888888888,0.5,0.3333333333333333,0.5,0.03571428571428571,0.007042253521126761,0.00012873326467559217,0.2,0.058823529411764705,0.5,0.5,0.0625,0.038461538461538464,0.007338740826573967,0.0025749967812540232,0.19157976052529935,0.043517445603193,0.001544998068752414,0.0,0.2853096433629458,0.034376207029741215,0.0,0.0,0.0,0.0,0.00012874983906270118,0.028196214754731556,0.02935496330629587,0.0010299987125016094,0.022788721514098106,0.0,0.03167246040942449,0.040942448821938975,0.01313248358439552,0.0,0.259817175228531,0.0025749967812540232,0.0,0.004119994850006438,0.0,99559692.0,0.0,0.0007835199008048358,0.10332423487208056,0.028742254445704794,0.0,0.0,0.3542817107148142,0.0028663005506284612,0.0,0.0,0.0,0.0,0.0,2.008845105708041e-8,0.0,0.0,0.040862299975777346,0.0,0.006074566803601602,0.22099719834408488,0.026186280287006113,0.0,0.1875039348253508,0.004706000898435885,0.0,0.023671678293259484,0.0,572406589,668530629,0.14892315726644142,0.01398687576790401,0.13860323368968633,0.03229294068713952,0.009192165225387152,0.002633750204133949,0.008547205030823525,3.136810089988808e-7,0.00003843447848171196,0.0000631429558629841,1.1966542224051188e-6
benchmarks/java-navier-stokes/java-navier-stokes.wasm,0.023809523809523808,1.0,0.017543859649122806,0.5,0.5,0.5,0.3333333333333333,0.014492753623188406,0.00016281341582546403,0.2,0.058823529411764705,0.5,0.5,0.0625,0.038461538461538464,0.006350757205666829,0.0006513597134017262,0.1595831297834229,0.03256798567008631,0.0,0.0,0.33186777397817946,0.03794170330565055,0.0,0.0,0.0,0.0,0.00016283992835043154,0.03680182380719752,0.0387559029474027,0.0013027194268034523,0.002768278781957336,0.0,0.004396678065461651,0.03207946588503501,0.018726591760299626,0.0,0.2738967594854258,0.019703631330402215,0.0,0.002442598925256473,0.0,85737512.0,0.0,2.3327012335044198e-8,0.04200533600741762,1.5045922956103508e-6,0.0,0.0,0.46804119998257004,1.8661609868035359e-7,0.0,0.0,0.0,0.0,0.0,0.0,0.0,0.0,4.6654024670088396e-8,0.0,1.516255801777873e-7,0.13069814762061208,0.02366041365884282,0.0,0.1904795651173083,0.1405271475570693,0.0,0.00458627724116837,0.0,275775491,191479370,0.44776370425701734,0.0005082073749937261,0.1559737793162783,0.32416787264833574,3.608743855800236e-6,0.016430984693832754,0.025530659687578863,1.0116889456831793e-6,0.0003860558627847162,5.368724578527702e-6,1.9897704906800144e-6
benchmarks/dotnet-raytracer/dotnet-raytracer.wasm,0.008928571428571428,0.5,0.05263157894736842,0.5,0.3333333333333333,0.25,0.3333333333333333,0.000328515111695138,3.1126660607343403e-6,0.2,0.03333333333333333,0.5,0.5,0.038461538461538464,0.02,0.00817699919381698,0.002390534975581059,0.17821313735926814,0.03553119368002316,0.0016310420927141598,0.0,0.3439880224237161,0.005677520567005014,0.0,0.0,0.0,6.2253514989090076e-6,3.1126757494545038e-6,0.05757827601340941,0.04399767171853941,0.0005135914986599931,0.0,0.0,0.0,0.0,0.0,0.0,0.31290172971391395,0.005232407934833021,0.0,0.004158534801271217,0.0,101013832.0,0.00023759122414047216,0.0002422836508172465,0.14474734509626364,0.02315271041296602,0.0041198813247674835,0.0,0.37505572504169526,0.006776557095665869,0.0,0.0,0.0,0.0,9.89963433918634e-9,0.07504998919355915,0.06418317047906864,0.0016754834130042705,0.0,0.0,0.0,0.0,0.0,0.0,0.26063974090201825,0.042170076272326745,0.0,0.001949435994072574,0.0,5941908763,232506634,0.4344556981544019,0.021634418023214457,0.1145141776900869,0.021628269498968563,0.015086554476548828,0.00008152236479355282,0.000952827850334752,7.379430027641631e-6,0.0001365659706459553,0.0010618234660779615,0.000015130751064935206
benchmarks/ocaml-raytrace/ocaml-raytrace.wasm,0.007352941176470588,0.3333333333333333,0.011363636363636364,0.5,0.3333333333333333,0.006711409395973154,0.3333333333333333,0.006172839506172839,0.00006715014773032501,0.2,0.05263157894736842,0.5,0.5,0.05555555555555555,0.03571428571428571,0.003962124773353032,0.002283258343966154,0.15096366933046806,0.028540729299576927,0.0018803304009133034,0.0,0.32079779732724467,0.017527365522799005,0.0,0.0,0.0,0.00020146397152642537,0.00020146397152642537,0.03391310187361494,0.04653817742260426,0.0007387012289302263,0.014572560607078101,0.009267342690215567,0.007118393660600362,0.029615203814384528,0.004969444630985159,0.0,0.291585521455913,0.031092606272244982,0.0,0.003894970116177557,0.0003357732858773756,99120670.0,0.0,0.00003996139251278265,0.0735661290425095,0.012071478128628469,0.0,0.0,0.3226340378853371,0.010866825254510487,0.0,0.0,0.0,0.0,0.0,0.002338967240637094,0.0,0.0,0.06509132757072768,0.018235994571061717,0.012307422861447566,0.10982033313535916,0.007003342491530778,0.0,0.2334149073043998,0.1310223589085909,0.0,0.0005961218785143402,0.0009907923342326076,1486481915,475059134,0.20864911945888404,0.013940046880340425,0.2708642583430466,0.05028361109843143,0.0008761835531826655,0.009204737347632445,0.020491808478057007,1.17410552531712e-6,0.00004041233594415963,0.00027129675186921047,1.288260673670154e-6
benchmarks/rust-wat/rust-wat.wasm,0.023255813953488372,1.0,0.08333333333333333,0.5,0.3333333333333333,0.3333333333333333,0.3333333333333333,0.0006825938566552901,5.653230821414438e-6,0.25,0.045454545454545456,0.5,0.5,0.04,0.02857142857142857,0.0014528885346177546,0.0005596730152807693,0.14515882841782135,0.03918841759521508,0.0,0.0,0.3750148398147991,0.026638174222252373,0.0,0.0,0.0,5.653262780613831e-6,5.653262780613831e-6,0.086489267280611,0.0769239466558124,0.0015772603157912588,0.0,0.0,0.0,0.0,0.0,0.0,0.24467321314496662,0.0002148239856633256,0.0,0.0020973604916077315,0.0,114704852.0,0.0,0.000028298715733489636,0.30014715506541956,0.02034180733697298,0.0,0.0,0.3241517281239332,0.02643787030037753,0.0,0.0,0.0,0.0,4.359013514092673e-8,0.05085502398800009,0.034578240857675316,0.000442753720653421,0.0,0.0,0.0,0.0,0.0,0.0,0.23958950751272493,5.492357027756769e-7,0.0,0.003427021552671547,0.0,3324420598,105292215,1.0893953745773133,0.03798318697273346,0.0881069222449162,0.3916040368851997,0.004209361537317835,0.002843898096274381,0.0016423241621998138,4.323347668401309e-6,0.0008096956877050966,0.00042847422290432394,5.916866693325807e-6
benchmarks/rust-wasmprinter/rust-wasmprinter.wasm,0.01639344262295082,1.0,0.08333333333333333,0.5,0.3333333333333333,0.3333333333333333,0.3333333333333333,0.000693000693000693,6.396070254435675e-6,0.25,0.045454545454545456,0.5,0.5,0.04,0.02857142857142857,0.0021299050177492084,0.0002046755572611852,0.17813809204003966,0.04369823147526304,0.0,0.0,0.3573763152003582,0.0219450574050977,0.0,0.0,0.0,6.396111164412037e-6,6.396111164412037e-6,0.0810835012312514,0.04758706706322556,0.0006587994499344398,0.0,0.0,0.0,0.0,0.0,0.0,0.26510601554255014,0.00006396111164412037,0.0,0.0019955866832965558,0.0,104741496.0,0.0,1.5371176291008867e-6,0.31190046206710664,0.021862013504179854,0.0,0.0,0.30807706813735025,0.036372289355118624,0.0,0.0,0.0,0.0,5.72838867987908e-8,0.07578512149568686,0.02692955617131915,0.0042727573797494735,0.0,0.0,0.0,0.0,0.0,0.0,0.21283911201726582,0.0,0.0,0.0019600254707074264,0.0,2970515329,146234332,0.7162579031030826,0.030566016363940393,0.09152309048739662,0.043902961353459086,0.011367699891431788,0.0005706041613628178,0.0015448235428846358,2.4819944560729303e-6,0.0014471939504944861,0.0002176096376601905,4.533819048730636e-6
benchmarks/rust-template/rust-template.wasm,0.014925373134328358,1.0,0.08333333333333333,0.5,0.3333333333333333,0.3333333333333333,0.3333333333333333,0.0005757052389176742,4.605790399690491e-6,0.25,0.045454545454545456,0.5,0.5,0.04,0.02857142857142857,0.0031872216362606337,0.0007323240464818508,0.14485738104340057,0.0358792724659976,0.0,0.0,0.37583422762842156,0.02132951358023554,0.0,0.0,0.0,4.605811613093401e-6,4.605811613093401e-6,0.06887991267381181,0.06464717180137898,0.0015014945858684487,0.0,0.0,0.0,0.0,0.0,0.0,0.27720077193402637,0.0012988388748923392,0.0,0.004642658105998149,0.0,109984292.0,0.0,0.00003916013752218362,0.23259054120201092,0.015552139027271277,0.0,0.0,0.3553203397445155,0.018065143338832423,0.0,0.0,0.0,0.0,1.0910648949760936e-7,0.06290468278870223,0.03649781188753754,0.0004396173228082425,0.0,0.0,0.0,0.0,0.0,0.0,0.2691379238046102,0.0000921949836254799,0.0,0.009360336656074487,0.0,4209120864,95232885,1.1548982475958804,0.06268443171387496,0.07305440762400509,0.3312749594385253,0.006873277019802561,0.001698059765427456,0.0015545047536946936,9.686992284660555e-6,0.0009532801503354725,0.00667543569639836,8.967490588991396e-6
benchmarks/hoot-earley-boyer/hoot-earley-boyer.wasm,0.0045871559633027525,0.5,0.0009082652134423251,0.3333333333333333,0.16666666666666666,0.002369668246445498,0.3333333333333333,0.0007434944237918215,6.3457816416537105e-6,0.2,0.05555555555555555,0.5,0.5,0.058823529411764705,0.037037037037037035,0.009125291907807899,0.0039597928723728295,0.10946542796222966,0.042605848309473046,0.000012691643821707787,0.0,0.294040004061326,0.07686694080617322,0.0,0.05362854096862626,0.0,0.000019037465732561682,0.000012691643821707787,0.0029000406132602295,0.0030206112295664534,0.00005076657528683115,0.10318941009239517,0.027096659559346127,0.008877804853284597,0.01577571327038278,0.0016816428063762818,0.0,0.24473296781399126,0.0007043862321047822,0.0,0.0005013199309574576,0.001732409381663113,111649596.0,0.0,1.424098301260311e-6,0.1116531939802093,0.03890924065681348,0.0,0.0,0.3205834349817083,0.0644412810951864,0.0,0.061647236054486035,0.0,0.0003642556843645005,0.0,0.002180240759670998,0.002180240759670998,0.0,0.10501461196509838,0.028932599093327665,0.003071905428121746,0.0284030315703068,0.0019219415715575003,0.0,0.2305370634749095,0.0,0.0,5.821785508296868e-7,0.00015771664771630701,8783001886,1661422324,0.06720121331414107,0.03435310634073152,0.11240299609697552,0.14002541050946596,0.012730239442719803,0.0010295922038515508,0.0014556503479562085,3.445154338147324e-6,0.0002687607821348315,0.000020320540727247383,3.1190143078876796e-6
benchmarks/starlingmonkey/starlingmonkey-json.wasm,0.005076142131979695,1.0,0.2,0.5,0.3333333333333333,0.000060779189205616,0.3333333333333333,0.00008361903169161301,2.4817855553628037e-7,0.2,0.03333333333333333,0.5,0.5,0.038461538461538464,0.019230769230769232,0.0016417015523076143,0.001934055963285448,0.145214768811691,0.023262526319342346,0.0,0.0,0.3402494095830699,0.008039994480507556,0.0,0.0,0.0,7.445358513866732e-7,4.963572342577821e-7,0.10763754803497134,0.06368883762070167,0.0004496996542375506,0.0,0.0,0.0,0.0,0.0,0.0,0.3006880007624047,0.0029744207262897594,0.0,0.004217795598105503,0.0,98153183.0,0.0,0.0002661044624502906,0.15669983927062253,0.0016681476340914996,0.0,0.0,0.3673371040855598,0.002648085289297241,0.0,0.0,0.0,0.0,1.0188156608227367e-8,0.06250017383542213,0.03092264465840094,0.0001583035773786368,0.0,0.0,0.0,0.0,0.0,0.0,0.37612116970266773,0.0002445565112238897,0.0,0.0014338607847287032,0.0,76273518549,62494677,1.5705846915570105,0.01576540703434919,0.1711883397685214,0.47404746013036625,0.002253535929148014,0.006192815181950975,0.013204331589709285,0.00006642761843223639,0.0056946508556631,0.00012153035049689112,0.000059301050551873404
benchmarks/starlingmonkey/starlingmonkey-markdown.wasm,0.005076142131979695,1.0,0.2,0.5,0.3333333333333333,0.000060779189205616,0.3333333333333333,0.00008361903169161301,2.4817855553628037e-7,0.2,0.03333333333333333,0.5,0.5,0.038461538461538464,0.019230769230769232,0.0016417015523076143,0.001934055963285448,0.145214768811691,0.023262526319342346,0.0,0.0,0.3402494095830699,0.008039994480507556,0.0,0.0,0.0,7.445358513866732e-7,4.963572342577821e-7,0.10763754803497134,0.06368883762070167,0.0004496996542375506,0.0,0.0,0.0,0.0,0.0,0.0,0.3006880007624047,0.0029744207262897594,0.0,0.004217795598105503,0.0,100371854.0,0.0,0.00009873285791851568,0.628475349274708,0.0015235645642253455,0.0,0.0,0.1541960557986704,0.0026239826156842735,0.0,0.0,0.0,0.0,0.0,0.051252375989786936,0.01694274771491219,0.00005120957514643498,0.0,0.0,0.0,0.0,0.0,0.0,0.14098591822364864,0.000473728421913976,0.0,0.0033763349633852534,0.0,76272225734,37266661,2.693341751223701,0.04294963635919463,0.07469185393346617,0.832681440207308,0.01323378555433233,0.0021645112325498006,0.002530405941999156,0.00025945951298544874,0.0013195253092285007,0.0053233639579354855,0.00019322900970387445
benchmarks/starlingmonkey/starlingmonkey-regex.wasm,0.005076142131979695,1.0,0.2,0.5,0.3333333333333333,0.000060779189205616,0.3333333333333333,0.00008361903169161301,2.4817855553628037e-7,0.2,0.03333333333333333,0.5,0.5,0.038461538461538464,0.019230769230769232,0.0016417015523076143,0.001934055963285448,0.145214768811691,0.023262526319342346,0.0,0.0,0.3402494095830699,0.008039994480507556,0.0,0.0,0.0,7.445358513866732e-7,4.963572342577821e-7,0.10763754803497134,0.06368883762070167,0.0004496996542375506,0.0,0.0,0.0,0.0,0.0,0.0,0.3006880007624047,0.0029744207262897594,0.0,0.004217795598105503,0.0,100250196.0,0.0,0.00006809961748104711,0.6391789099345003,0.0006334251954978722,0.0,0.0,0.14892100560082697,0.0005815050975062433,0.0,0.0,0.0,0.0,0.0,0.04784092392198415,0.008419045883960167,0.000021256816295900308,0.0,0.0,0.0,0.0,0.0,0.0,0.1534352012638459,0.00024752071307671057,0.0,0.0006531059550247663,0.0,76276122387,40716510,2.462151004592486,0.035742700778436366,0.06559665845623802,0.952269511066906,0.020149541304006653,0.0007340998099899166,0.0022489617184657273,0.00010693617100869716,0.0011956653575745408,0.001101420529411779,0.00013439265791689907
